Type,Date,Invoice/Ref,Purchase Order,Due Date,Amount,EPD Date,EPD Amount,CSA,PDF Page
Credit,2026-09-01,2222352,27PRAGUEST,,-296.37,,,,1
Credit,2026-09-04,9905604,"1464SUNRISEPKWY,P",,-84.54,,,,1
Credit,2026-09-09,4202860,PETALUMA,,-5.98,,,,2
Credit,2026-09-16,7203307,751TH27SANMATEO,,-83.92,,,,2
Credit,2026-09-18,5233177,27PRAGUESTRSM,,-5.93,,,,2
Credit,2026-09-26,7192089,REDWOODCITY,,-25.49,,,,2
Credit,2026-09-29,4212603,27PRAGESTSANMATE,,-512.47,,,,2
Credit,2026-09-29,4220759,27PRAGUESTSANMAT,,-630.07,,,,2
Invoice,2026-09-29,4901967,492UMLANDDR,2026-11-30,90.54,2026-10-19,88.89,H1379-463721,2
Invoice,2026-09-29,4900956,27PRAGUE,2026-11-30,82.55,2026-10-19,81.04,H0632-565700,2
Invoice,2026-09-29,4900853,27PRAGUEST,2026-11-30,76.49,2026-10-19,75.09,H0632-565633,2
Invoice,2026-09-29,4900793,27PRAGUEST,2026-11-30,633.42,2026-10-19,621.86,H0632-565588,2
Invoice,2026-09-29,4900714,27PRAGUESTSANMAT,2026-11-30,1202.86,2026-10-19,1180.91,H0632-565522,2
Invoice,2026-09-28,5900511,27PRAGUEST,2026-11-30,18.15,2026-10-18,17.82,H0632-565436,2
Invoice,2026-09-28,5900504,27PRAGESTSANMATE,2026-11-30,951.98,2026-10-18,934.61,H0632-565434,2
Invoice,2026-09-28,5900395,52PARAMOUNTTER,2026-11-30,706.56,2026-10-18,693.70,H1092-583716,3
Invoice,2026-09-26,7903230,1464SUNRISEPKWY,2026-11-30,599.77,2026-10-16,588.80,H0628-590684,3
Invoice,2026-09-24,9903616,52PARAMOUNT,2026-11-30,18.03,2026-10-14,17.70,H6655-432642,3
Invoice,2026-09-24,9903611,52PARAMOUNT,2026-11-30,877.75,2026-10-14,861.50,H6655-432637,3
Invoice,2026-09-24,9903601,52PARAMONTSF,2026-11-30,440.58,2026-10-14,432.43,H6655-432627,3
Invoice,2026-09-24,9902920,4605THAVERWC,2026-11-30,397.87,2026-10-14,390.63,H6603-494377,3
Invoice,2026-09-24,9902585,REDWOODCITY,2026-11-30,290.35,2026-10-14,284.95,H0628-590126,3
Invoice,2026-09-23,907212,52PARMOUNTTER,2026-11-30,1251.04,2026-10-13,1228.23,H1092-583016,3
Invoice,2026-09-23,903017,SUNRISEPKWY,2026-11-30,68.60,2026-10-13,67.35,H0641-489161,3
Invoice,2026-09-21,2901648,4605THAVE,2026-11-30,687.98,2026-10-11,675.38,H0628-589373,3
Invoice,2026-09-19,4905700,SANMATEO,2026-11-30,218.08,2026-10-09,214.10,H0632-563849,3
Invoice,2026-09-19,4902235,1464SUNRISEPWWY,2026-11-30,74.60,2026-10-09,73.24,H0641-488582,3
Invoice,2026-09-18,5905591,27PRAGUE,2026-11-30,57.70,2026-10-08,56.65,H0632-563800,3
Invoice,2026-09-18,5905405,52PARAMOUNTTER,2026-11-30,98.94,2026-10-08,97.14,H1092-581999,4
Invoice,2026-09-18,5902101,1464SUNRISE,2026-11-30,823.19,2026-10-08,808.18,H0641-488517,4
Invoice,2026-09-17,6905287,27PRAGUESTRSM,2026-11-30,116.94,2026-10-07,114.81,H0632-563590,4
Invoice,2026-09-17,6900893,REDWOODCITY,2026-11-30,251.09,2026-10-07,246.50,H0628-588876,4
Invoice,2026-08-25,9906936,170GLENNWAY,2026-10-31,25.81,,,H0628-583844,4
Invoice,2026-08-24,903365,1464SUNRISEWAY,2026-10-31,398.69,,,H0641-484516,4
Invoice,2026-08-24,903340,1464SUNRISEPKWY,2026-10-31,1566.84,,,H0641-484492,4
Invoice,2026-08-22,2906318,"492UMLANDDR,SANTA",2026-10-31,66.59,,,WN68322657,4
Invoice,2026-08-22,2900190,492UMLANDDR,2026-10-31,1537.07,,,H1379-457912,4
Invoice,2026-08-20,4906621,75127THAVESANMATE,2026-10-31,523.43,,,H0632-558273,4
Invoice,2026-08-20,4902525,PETALUMA,2026-10-31,1218.47,,,H0641-483895,4
Invoice,2026-08-20,4902501,"1464SUNRISEPKWY,P",2026-10-31,415.86,,,WN68129029,4
Invoice,2026-08-19,5906095,27PRAQUEST,2026-10-31,105.33,,,H0632-557886,4
Invoice,2026-08-17,7905574,27PRAGUEST,2026-10-31,18.29,,,H0632-557542,4
Invoice,2026-08-17,7901825,PETALUMA,2026-10-31,446.89,,,H0641-483240,4
Invoice,2026-08-15,9904367,27PRAGUESTSANMAT,2026-10-31,363.13,,,H0628-581920,4
Invoice,2026-08-14,904763,27PRAUESTSM,2026-10-31,18.29,,,H0632-557072,5
Invoice,2026-08-13,1904481,336917THST,2026-10-31,21.27,,,H0632-556867,5
Invoice,2026-08-13,1903934,27PRAGUESTSANMAT,2026-10-31,70.00,,,H0628-581596,5
Invoice,2026-08-12,2904305,SANMATEO,2026-10-31,238.49,,,H0632-556758,5
Invoice,2026-08-12,2904181,27PRAGUEST,2026-10-31,455.78,,,H0632-556667,5
Invoice,2026-08-11,3903847,27PRAGUE,2026-10-31,467.99,,,H0632-556417,5
Invoice,2026-08-11,3903809,27PRAGUESANMATEO,2026-10-31,509.83,,,H0632-556387,5
Invoice,2026-08-11,3903782,SANMATEO,2026-10-31,889.84,,,H0632-556366,5
Invoice,2026-08-10,4903460,27PRAGUESANMATEO,2026-10-31,1361.90,,,H0632-556161,5
Invoice,2026-08-10,4903035,27PRAGUE,2026-10-31,627.98,,,H0628-580877,5
Invoice,2026-08-08,6902664,170GLENNWAY,2026-10-31,71.06,,,WN67156841,5
Invoice,2026-08-08,6900046,1464SUNRISEPARKWAY,2026-10-31,72.96,,,H0641-481822,5
Invoice,2026-08-06,8904498,27PRAGUEST,2026-10-31,1151.64,,,H6655-425423,5
Invoice,2026-08-06,8902596,27PRAGUESANMATEO,2026-10-31,156.71,,,H0632-555665,5
Invoice,2026-08-05,9902290,27PRAGUEST,2026-10-31,647.48,,,H0632-555439,5
Invoice,2026-08-05,9902104,27PRAGUESANMATEO,2026-10-31,153.80,,,H0632-555286,5
Invoice,2026-08-05,9901964,27PRAGUESANMATEO,2026-10-31,220.65,,,H0628-580088,5
Invoice,2026-08-04,902548,PETALUMA,2026-10-31,139.92,,,H1379-455271,6
Invoice,2026-08-03,1904309,PETALUMA,2026-10-31,171.14,,,H0641-481087,6
Invoice,2026-08-03,1904196,PETALUMA,2026-10-31,229.58,,,H0641-480944,6
Invoice,2026-08-03,1901606,27PRAGUEST,2026-10-31,445.55,,,H0632-554943,6
Invoice,2026-08-03,1901518,27PRAGUE,2026-10-31,42.88,,,H0632-554869,6
Invoice,2026-08-03,1901505,27PRAGUE,2026-10-31,1713.01,,,H0632-554855,6
Invoice,2026-08-03,1901410,27PRAGUEST,2026-10-31,1047.35,,,H0632-554773,6
Invoice,2026-08-03,1901184,775127THAVEEVARIS,2026-10-31,112.30,,,H0628-579531,6
Invoice,2026-07-31,4941562,1464SUNRISE,2026-10-31,818.72,,,WN66455417,6
Invoice,2026-07-31,4903209,27PRAGUEST,2026-10-31,318.17,,,H6655-424624,6
Invoice,2026-07-31,4761256,1464SUNRISE,2026-10-31,318.69,,,WN66455417,6
Invoice,2026-07-22,3904388,27PRAGUESTSANMAT,2026-09-30,491.99,,,H0628-577412,6
Invoice,2026-07-17,8903206,27PRAGUESTR,2026-09-30,110.07,,,H0632-551831,6
Invoice,2026-07-16,9902916,27PRAGUESTR,2026-09-30,209.71,,,H0632-551623,6
Invoice,2026-07-15,902676,27PAGUEST,2026-09-30,841.54,,,H0632-551432,6
Invoice,2026-07-15,902521,27PRAGUEST,2026-09-30,389.53,,,H0632-551312,6
Invoice,2026-07-14,1902342,75127THSANMATEO,2026-09-30,276.43,,,H0628-575904,6
Invoice,2026-07-13,2905094,27PRAGUESTSANMAT,2026-09-30,550.24,,,H6655-421845,7
Invoice,2026-07-13,2903962,27PRAWAYSTSANMAT,2026-09-30,71.58,,,H0639-582871,7
Invoice,2026-07-13,2901963,27PRAGUEST,2026-09-30,357.58,,,H0632-389672,7
Invoice,2026-07-10,5901294,27PRAGUEST,2026-09-30,30.61,,,H0632-550549,7
Invoice,2026-07-10,5901162,27PRAGUESTSANMAT,2026-09-30,857.30,,,H0632-550463,7
Invoice,2026-07-09,6904229,751TH27SANMATEO,2026-09-30,536.93,,,H6655-421309,7
Invoice,2026-07-09,6903174,751TH27SANMATEO,2026-09-30,290.49,,,H0639-582109,7
Invoice,2026-07-09,6901239,751TH27SANMATEO,2026-09-30,518.24,,,H0628-575107,7
Invoice,2026-07-08,7903973,75127THAVENUESAN,2026-09-30,981.11,,,H6655-421151,7
