Posted Date,Description,Amount,Reference,Balance
2026-09-05,CHECK 1041,"-6,400.00",1041,"45,600.00"
2026-09-05,INCOMING TRANSFER MATRIX GROUP ONE,"12,500.00",,"58,100.00"
2026-09-12,CHECK 1042,"-14,200.00",1042,"43,900.00"
2026-09-12,DEBIT CARD SAMPLE SUPPLY DEPOT,"-1,275.00",,"42,625.00"
2026-09-17,CHECK 1043,"-4,850.00",1043,"37,775.00"
2026-09-18,ACH SAMPLE CAPITAL LENDING INTEREST,"-3,100.00",,"34,675.00"
2026-09-24,CHECK 1044,-410.00,1044,"34,265.00"
2026-09-26,WIRE IN SAMPLE CAPITAL LENDING DRAW 2,"18,000.00",,"52,265.00"
2026-09-29,CHECK 1046,"-3,990.00",1046,"48,275.00"
2026-09-30,MONTHLY SERVICE FEE,-25.00,,"48,250.00"
