,Marketing Type,Total Amount,Unpaid,,,,,,,,,,
,Digital Marketing,"$33,957.55","$5,767.33",,,,,,,,,,
,Motivated Leads,"$12,000.00",$0.00,,,,,,,,,,
,Property Leads,"$85,600.00","$21,300.00",,,,,,,,,,
,TV,$0.00,$0.00,,,,,,,,,,
,Investorbase,$0.00,$0.00,,,,,,,,,,
,LeadGeeks,$0.00,$0.00,,,,,,,,,,
,Sales Acquisition,$587.57,$354.57,,,,,,,,,,
,Direct Mail Marketing,"$28,795.32",$0.00,,,,,,,,,,
,Reddit,$94.43,$0.00,,,,,,,,,,
,Facebook,$916.97,$171.00,,,,,,,,,,
,,,,,,,,,,,,,
DATE,Marketing Type,Vendor Name,Marketing Category,Lead Channel,Expense Type,Usage Frequency,Paid,Paid,FOR RETURN,Payment method,,,
05/07/2026,Motivated Leads,MOTIVATED LEADS LLC,Lead Generation,Motivated Leads,Campaign Cost,As Needed,"$1,000.00",TRUE,,CAPITAL ONE,,,
05/07/2026,Property Leads,Property Leads,Lead Generation,Property Leads,Campaign Cost,As Needed,"$1,500.00",TRUE,,CAPITAL ONE,,,
05/08/2026,Property Leads,Property Leads,Lead Generation,Property Leads,Campaign Cost,As Needed,$425.00,TRUE,,CAPITAL ONE,,,
05/12/2026,Direct Mail Marketing,"REDSTONE PRINT & MAIL, IN",Lead Generation,Direct Mail Postcards,Campaign Cost,As Needed,$609.31,TRUE,,CAPITAL ONE,,,
05/14/2026,Motivated Leads,MOTIVATED LEADS LLC,Lead Generation,Motivated Leads,Campaign Cost,As Needed,"$1,000.00",TRUE,,CAPITAL ONE,,,
05/14/2026,Direct Mail Marketing,"REDSTONE PRINT & MAIL, IN",Lead Generation,Direct Mail Postcards,Campaign Cost,As Needed,$920.73,TRUE,,CAPITAL ONE,,,
05/16/2026,Property Leads,Property Leads,Lead Generation,Property Leads,Campaign Cost,As Needed,$400.00,TRUE,,CAPITAL ONE,,,
05/17/2026,Motivated Leads,MOTIVATED LEADS LLC,Lead Generation,Motivated Leads,Campaign Cost,As Needed,"$1,000.00",TRUE,,CAPITAL ONE,,,
05/20/2026,Property Leads,Property Leads,Lead Generation,Property Leads,Campaign Cost,As Needed,$400.00,TRUE,,CAPITAL ONE,,,
05/20/2026,Motivated Leads,MOTIVATED LEADS LLC,Lead Generation,Motivated Leads,Campaign Cost,As Needed,"$1,000.00",TRUE,,CAPITAL ONE,,,
5/21/2026,Property Leads,PROPERTY LEADS,Lead Generation,Property Leads,Campaign Cost,As Needed,$400.00,TRUE,,CAPITAL ONE,,,
5/21/2026,Property Leads,PROPERTY LEADS,Lead Generation,Property Leads,Campaign Cost,As Needed,$400.00,TRUE,,CAPITAL ONE,,,
5/21/2026,Property Leads,PROPERTY LEADS,Lead Generation,Property Leads,Campaign Cost,As Needed,$400.00,TRUE,,CAPITAL ONE,,,
5/21/2026,Property Leads,PROPERTY LEADS,Lead Generation,Property Leads,Campaign Cost,As Needed,$400.00,TRUE,,CAPITAL ONE,,,
5/21/2026,Property Leads,PROPERTY LEADS,Lead Generation,Property Leads,Campaign Cost,As Needed,$400.00,TRUE,,CAPITAL ONE,,,
5/21/2026,Property Leads,PROPERTY LEADS,Lead Generation,Property Leads,Campaign Cost,As Needed,$400.00,TRUE,,CAPITAL ONE,,,
5/21/2026,Direct Mail Marketing,"REDSTONE PRINT & MAIL, IN",Lead Generation,Direct Mail Postcards,Campaign Cost,As Needed,$600.52,TRUE,,CAPITAL ONE,,,
5/24/2026,Property Leads,PROPERTY LEADS,Lead Generation,Property Leads,Campaign Cost,As Needed,$400.00,TRUE,,CAPITAL ONE,,,
5/24/2026,Property Leads,PROPERTY LEADS,Lead Generation,Property Leads,Campaign Cost,As Needed,$400.00,TRUE,,CAPITAL ONE,,,
5/24/2026,Property Leads,PROPERTY LEADS,Lead Generation,Property Leads,Campaign Cost,As Needed,$400.00,TRUE,,CAPITAL ONE,,,
5/25/2026,Reddit Ads,Reddit,Lead Generation,Reddit,Campaign Cost,As Needed,$10.00,TRUE,,CAPITAL ONE,,,
5/25/2026,Reddit Ads,Reddit,Lead Generation,Reddit,Campaign Cost,As Needed,-$10.00,TRUE,,CAPITAL ONE,,,
5/26/2026,Property Leads,PROPERTY LEADS,Lead Generation,Property Leads,Campaign Cost,As Needed,$400.00,TRUE,,CAPITAL ONE,,,
5/26/2026,Property Leads,PROPERTY LEADS,Lead Generation,Property Leads,Campaign Cost,As Needed,$400.00,TRUE,,CAPITAL ONE,,,
5/26/2026,Reddit Ads,Reddit,Lead Generation,Reddit,Campaign Cost,As Needed,$67.00,TRUE,,CAPITAL ONE,,,
5/26/2026,Reddit Ads,Reddit,Lead Generation,Reddit,Campaign Cost,As Needed,$10.28,TRUE,,CAPITAL ONE,,,
5/28/2026,Property Leads,PROPERTY LEADS,Lead Generation,Property Leads,Campaign Cost,As Needed,$400.00,TRUE,,CAPITAL ONE,,,
5/28/2026,Property Leads,PROPERTY LEADS,Lead Generation,Property Leads,Campaign Cost,As Needed,$400.00,TRUE,,CAPITAL ONE,,,
5/28/2026,Property Leads,PROPERTY LEADS,Lead Generation,Property Leads,Campaign Cost,As Needed,$400.00,TRUE,,CAPITAL ONE,,,
5/28/2026,Property Leads,PROPERTY LEADS,Lead Generation,Property Leads,Campaign Cost,As Needed,$400.00,TRUE,,CAPITAL ONE,,,
5/28/2026,Property Leads,PROPERTY LEADS,Lead Generation,Property Leads,Campaign Cost,As Needed,$400.00,TRUE,,CAPITAL ONE,,,
5/26/2026,Direct Mail Marketing,"REDSTONE PRINT & MAIL, IN",Lead Generation,Direct Mail Postcards,Campaign Cost,As Needed,"$1,015.72",TRUE,,CAPITAL ONE,,,
5/28/2026,Reddit Ads,REDDIT INC ADS,Lead Generation,Reddit,Campaign Cost,As Needed,$17.15,TRUE,,CAPITAL ONE,,,
5/29/2026,Property Leads,PROPERTY LEADS,Lead Generation,Property Leads,Campaign Cost,As Needed,$400.00,TRUE,,CAPITAL ONE,,,
5/29/2026,Property Leads,PROPERTY LEADS,Lead Generation,Property Leads,Campaign Cost,As Needed,$400.00,TRUE,,CAPITAL ONE,,,
5/29/2026,Property Leads,PROPERTY LEADS,Lead Generation,,,,$425.00,TRUE,,CAPITAL ONE,,,
5/29/2026,Property Leads,PROPERTY LEADS,Lead Generation,,,,$425.00,TRUE,,CAPITAL ONE,,,
5/30/2026,Property Leads,PROPERTY LEADS,Lead Generation,,,,$425.00,TRUE,,CAPITAL ONE,,,
5/30/2026,Property Leads,PROPERTY LEADS,Lead Generation,,,,$425.00,TRUE,,CAPITAL ONE,,,
5/29/2026,Property Leads,PROPERTY LEADS,Lead Generation,Property Leads,Campaign Cost,As Needed,$425.00,TRUE,,CAPITAL ONE,,,
5/29/2026,Property Leads,PROPERTY LEADS,Lead Generation,,,,$425.00,TRUE,,CAPITAL ONE,,,
5/30/2026,Property Leads,PROPERTY LEADS,Lead Generation,,,,$425.00,TRUE,,CAPITAL ONE,,,
5/31/2026,Property Leads,PROPERTY LEADS,Lead Generation,,,,$425.00,TRUE,,CAPITAL ONE,,,
5/31/2026,Property Leads,PROPERTY LEADS,Lead Generation,,,,$375.00,TRUE,,CAPITAL ONE,,,
5/31/2026,Property Leads,PROPERTY LEADS,Lead Generation,,,,$375.00,TRUE,,CAPITAL ONE,,,
5/31/2026,Property Leads,PROPERTY LEADS,Lead Generation,,,,$375.00,TRUE,,CAPITAL ONE,,,
5/31/2026,Property Leads,PROPERTY LEADS,Lead Generation,,,,$375.00,TRUE,,CAPITAL ONE,,,
5/31/2026,Property Leads,PROPERTY LEADS,Lead Generation,,,,$425.00,TRUE,,CAPITAL ONE,,,
6/1/2026,Digital Marketing,BATEMAN COLLECTIVE,Marketing Tools,,,,"$2,000.00",TRUE,,CAPITAL ONE,,,
6/1/2026,Facebook,LEVEL UP REI,Lead Generation,,,,"$1,000.00",TRUE,,CAPITAL ONE,,,
6/1/2026,Facebook,Facebook,Lead Generation,,,,$171.00,TRUE,,CAPITAL ONE,,,
6/2/2026,Direct Mail Marketing,"REDSTONE PRINT & MAIL, IN",Lead Generation,,,,"$1,134.60",TRUE,,CAPITAL ONE,,,
6/3/2026,Property Leads,PROPERTY LEADS,Lead Generation,,,,$500.00,TRUE,,CAPITAL ONE,,,
6/4/2026,Facebook,Facebook,Lead Generation,,,,$63.55,TRUE,,CAPITAL ONE,,,
6/4/2026,Facebook,Facebook,Lead Generation,,,,$125.54,TRUE,,CAPITAL ONE,,,
6/4/2026,Facebook,Facebook,Lead Generation,,,,$4.41,TRUE,,CAPITAL ONE,,Property Leads,42625
6/4/2026,Property Leads,PROPERTY LEADS,Lead Generation,,,,$450.00,TRUE,,CAPITAL ONE,,,
6/4/2026,Property Leads,PROPERTY LEADS,Lead Generation,,,,$450.00,TRUE,,CAPITAL ONE,,,
6/4/2026,Property Leads,PROPERTY LEADS,Lead Generation,,,,$450.00,TRUE,,CAPITAL ONE,,,
6/4/2026,Property Leads,PROPERTY LEADS,Lead Generation,,,,$475.00,TRUE,,CAPITAL ONE,,,
6/5/2026,Property Leads,PROPERTY LEADS,Lead Generation,,,,$475.00,TRUE,,CAPITAL ONE,,,
6/5/2026,Property Leads,PROPERTY LEADS,Lead Generation,,,,$450.00,TRUE,,CAPITAL ONE,,,
6/5/2026,Property Leads,PROPERTY LEADS,Lead Generation,,,,$450.00,TRUE,,CAPITAL ONE,,,
6/5/2026,Property Leads,PROPERTY LEADS,Lead Generation,,,,$450.00,TRUE,,CAPITAL ONE,,,
6/5/2026,Property Leads,PROPERTY LEADS,Lead Generation,,,,$450.00,TRUE,,CAPITAL ONE,,,
6/5/2026,Property Leads,PROPERTY LEADS,Lead Generation,,,,$450.00,TRUE,,CAPITAL ONE,,,
6/8/2026,Facebook,Facebook,Lead Generation,,,,$104.61,TRUE,,CAPITAL ONE,,Facebook,745.97
6/8/2026,Direct Mail Marketing,"REDSTONE PRINT & MAIL, IN",Lead Generation,,,,"$3,906.76",TRUE,,CAPITAL ONE,,Direct Mail,3438.38
6/8/2026,Direct Mail Marketing,"REDSTONE PRINT & MAIL, IN",Lead Generation,,,,$327.83,TRUE,,CAPITAL ONE,,Digital Marketing,2080.65
6/8/2026,Facebook,Facebook,Lead Generation,,,,$125.00,TRUE,,CAPITAL ONE,,Sales Acquisition,110
6/8/2026,Facebook,Facebook,Lead Generation,,,,$6.70,TRUE,,CAPITAL ONE,,Motivated LEads,1000
6/7/2026,Property Leads,PROPERTY LEADS,Lead Generation,,,,$450.00,TRUE,,CAPITAL ONE,,,
6/7/2026,Property Leads,PROPERTY LEADS,Lead Generation,,,,$450.00,TRUE,,CAPITAL ONE,,,
6/7/2026,Property Leads,PROPERTY LEADS,Lead Generation,,,,$450.00,TRUE,,CAPITAL ONE,,,
6/7/2026,Property Leads,PROPERTY LEADS,Lead Generation,,,,$450.00,TRUE,,CAPITAL ONE,,,
6/7/2026,Property Leads,PROPERTY LEADS,Lead Generation,,,,$450.00,TRUE,,CAPITAL ONE,,,
6/7/2026,Property Leads,PROPERTY LEADS,Lead Generation,,,,$450.00,TRUE,,CAPITAL ONE,,,
6/7/2026,Property Leads,PROPERTY LEADS,Lead Generation,,,,$450.00,TRUE,,CAPITAL ONE,,,
6/7/2026,Property Leads,PROPERTY LEADS,Lead Generation,,,,$450.00,TRUE,,CAPITAL ONE,,,
6/7/2026,Property Leads,PROPERTY LEADS,Lead Generation,,,,$450.00,TRUE,,CAPITAL ONE,,,
6/7/2026,Property Leads,PROPERTY LEADS,Lead Generation,,,,$450.00,TRUE,,CAPITAL ONE,,,
6/7/2026,Property Leads,PROPERTY LEADS,Lead Generation,,,,$450.00,TRUE,,CAPITAL ONE,,,
6/9/2026,Property Leads,PROPERTY LEADS,Lead Generation,,,,$450.00,TRUE,,CAPITAL ONE,,,
6/9/2026,Property Leads,PROPERTY LEADS,Lead Generation,,,,$450.00,TRUE,,CAPITAL ONE,,,
6/9/2026,Property Leads,PROPERTY LEADS,Lead Generation,,,,$450.00,TRUE,,CAPITAL ONE,,,
6/9/2026,Property Leads,PROPERTY LEADS,Lead Generation,,,,$450.00,TRUE,,CAPITAL ONE,,,
6/9/2026,Property Leads,PROPERTY LEADS,Lead Generation,,,,$450.00,TRUE,,CAPITAL ONE,,,
6/9/2026,Property Leads,PROPERTY LEADS,Lead Generation,,,,$450.00,TRUE,,CAPITAL ONE,,,
6/9/2026,Property Leads,PROPERTY LEADS,Lead Generation,,,,$450.00,TRUE,,CAPITAL ONE,,,
6/9/2026,Property Leads,PROPERTY LEADS,Lead Generation,,,,$450.00,TRUE,,CAPITAL ONE,,,
6/9/2026,Property Leads,PROPERTY LEADS,Lead Generation,,,,$450.00,TRUE,,CAPITAL ONE,,,
6/10/2026,Property Leads,PROPERTY LEADS,Lead Generation,,,,$450.00,TRUE,,CAPITAL ONE,,,
6/10/2026,Property Leads,PROPERTY LEADS,Lead Generation,,,,$450.00,TRUE,,CAPITAL ONE,,,
6/10/2026,Property Leads,PROPERTY LEADS,Lead Generation,,,,$450.00,TRUE,,CAPITAL ONE,,,
6/10/2026,Property Leads,PROPERTY LEADS,Lead Generation,,,,$450.00,TRUE,,CAPITAL ONE,,,
6/10/2026,Property Leads,PROPERTY LEADS,Lead Generation,,,,$450.00,TRUE,,CAPITAL ONE,,,
6/10/2026,Property Leads,PROPERTY LEADS,Lead Generation,,,,$475.00,TRUE,,CAPITAL ONE,,,
6/10/2026,Property Leads,PROPERTY LEADS,Lead Generation,,,,$475.00,TRUE,,CAPITAL ONE,,,
6/10/2026,Property Leads,PROPERTY LEADS,Lead Generation,,,,$425.00,TRUE,,CAPITAL ONE,,,
6/10/2026,Property Leads,PROPERTY LEADS,Lead Generation,,,,$425.00,TRUE,,CAPITAL ONE,,,
6/9/2026,Digital Marketing,Google Ads,Lead Generation,,,,$500.00,TRUE,,CAPITAL ONE,,,
6/9/2026,Sales Acquisition,CALLRAIL INC*,Sales Tools,,,,$55.00,TRUE,,CAPITAL ONE,,,
6/8/2026,Digital Marketing,BATEMAN COLLECTIVE - $725.81,Marketing Tools,,,,$580.65,TRUE,,CAPITAL ONE,,,
6/8/2026,Facebook,BATEMAN COLLECTIVE - $725.81,Marketing Tools,,,,$145.16,TRUE,,CAPITAL ONE,,,
6/11/2026,Property Leads,PROPERTY LEADS,Lead Generation,,,,$375.00,TRUE,,CAPITAL ONE,,,
6/11/2026,Property Leads,PROPERTY LEADS,Lead Generation,,,,$375.00,TRUE,,CAPITAL ONE,,,
6/11/2026,Property Leads,PROPERTY LEADS,Lead Generation,,,,$375.00,TRUE,,CAPITAL ONE,,,
6/11/2026,Property Leads,PROPERTY LEADS,Lead Generation,,,,$375.00,TRUE,,CAPITAL ONE,,,
6/12/2026,Property Leads,PROPERTY LEADS,Lead Generation,,,,$375.00,TRUE,,CAPITAL ONE,,,
6/10/2026,Facebook,LEVEL UP REI,Lead Generation,,,,"-$1,000.00",TRUE,,CAPITAL ONE,,,
6/10/2026,Sales Acquisition,CALLRAIL INC*,Sales Tools,,,,$55.00,TRUE,,CAPITAL ONE,,,
6/10/2026,Digital Marketing,Google Ads,Lead Generation,,,,$500.00,TRUE,,CAPITAL ONE,,,
6/11/2026,Digital Marketing,Google Ads,Lead Generation,,,,$500.00,TRUE,,CAPITAL ONE,,,
6/11/2026,Direct Mail Marketing,"REDSTONE PRINT & MAIL, IN",Lead Generation,,,,"$4,111.19",TRUE,,CAPITAL ONE,,,
6/11/2026,Digital Marketing,Google Ads,Lead Generation,,,,$500.00,TRUE,,CAPITAL ONE,,,
6/11/2026,Motivated Leads,MOTIVATED LEADS LLC,Lead Generation,,,,"$1,000.00",TRUE,,CAPITAL ONE,,,
6/12/2026,Digital Marketing,Google Ads,Lead Generation,,,,$500.00,TRUE,,CAPITAL ONE,,,
6/14/2026,Property Leads,PROPERTY LEADS,Lead Generation,,,,$375.00,TRUE,,CAPITAL ONE,,,
6/14/2026,Property Leads,PROPERTY LEADS,Lead Generation,,,,$375.00,TRUE,,CAPITAL ONE,,,
6/14/2026,Property Leads,PROPERTY LEADS,Lead Generation,,,,$400.00,TRUE,,CAPITAL ONE,,,
6/14/2026,Property Leads,PROPERTY LEADS,Lead Generation,,,,$400.00,TRUE,,CAPITAL ONE,,,
6/14/2026,Property Leads,PROPERTY LEADS,Lead Generation,,,,$400.00,TRUE,,CAPITAL ONE,,,
6/14/2026,Property Leads,PROPERTY LEADS,Lead Generation,,,,$400.00,TRUE,,CAPITAL ONE,,,
6/14/2026,Digital Marketing,BATEMAN COLLECTIVE,Lead Generation,,,,"$4,500.00",TRUE,,CAPITAL ONE,,,
6/14/2026,Property Leads,PROPERTY LEADS,Lead Generation,,,,$400.00,TRUE,,CAPITAL ONE,,,
6/14/2026,Property Leads,PROPERTY LEADS,Lead Generation,,,,$400.00,TRUE,,CAPITAL ONE,,,
6/14/2026,Property Leads,PROPERTY LEADS,Lead Generation,,,,$400.00,TRUE,,CAPITAL ONE,,,
6/15/2026,Property Leads,PROPERTY LEADS,Lead Generation,,,,$425.00,TRUE,,CAPITAL ONE,,,
6/15/2026,Property Leads,PROPERTY LEADS,Lead Generation,,,,$425.00,TRUE,,CAPITAL ONE,,,
6/15/2026,Property Leads,PROPERTY LEADS,Lead Generation,,,,$425.00,TRUE,,CAPITAL ONE,,,
6/15/2026,Property Leads,PROPERTY LEADS,Lead Generation,,,,$425.00,TRUE,,CAPITAL ONE,,,
6/15/2026,Property Leads,PROPERTY LEADS,Lead Generation,,,,$425.00,TRUE,,CAPITAL ONE,,,
6/15/2026,Property Leads,PROPERTY LEADS,Lead Generation,,,,$425.00,TRUE,,CAPITAL ONE,,,
6/15/2026,Property Leads,PROPERTY LEADS,Lead Generation,,,,$425.00,TRUE,,CAPITAL ONE,,,
6/15/2026,Property Leads,PROPERTY LEADS,Lead Generation,,,,$425.00,TRUE,,CAPITAL ONE,,,
6/15/2026,Property Leads,PROPERTY LEADS,Lead Generation,,,,$425.00,TRUE,,CAPITAL ONE,,,
6/15/2026,Property Leads,PROPERTY LEADS,Lead Generation,,,,$425.00,TRUE,,CAPITAL ONE,,,
6/15/2026,Property Leads,PROPERTY LEADS,Lead Generation,,,,$425.00,TRUE,,CAPITAL ONE,,,
6/15/2026,Property Leads,PROPERTY LEADS,Lead Generation,,,,$425.00,TRUE,,CAPITAL ONE,,,
6/15/2026,Digital Marketing,Google Ads,Lead Generation,,,,$500.00,TRUE,,CAPITAL ONE,,,
6/15/2026,Digital Marketing,Google Ads,Lead Generation,,,,$500.00,TRUE,,CAPITAL ONE,,,
6/16/2026,Digital Marketing,Google Ads,Lead Generation,,,,$500.00,TRUE,,CAPITAL ONE,,,
6/16/2026,Digital Marketing,Google Ads,Lead Generation,,,,$500.00,TRUE,,CAPITAL ONE,,,
6/19/2026,Property Leads,PROPERTY LEADS,Lead Generation,,,,$425.00,TRUE,,CAPITAL ONE,,,
6/19/2026,Property Leads,PROPERTY LEADS,Lead Generation,,,,$425.00,TRUE,,CAPITAL ONE,,,
6/19/2026,Property Leads,PROPERTY LEADS,Lead Generation,,,,$425.00,TRUE,,CAPITAL ONE,,,
6/19/2026,Property Leads,PROPERTY LEADS,Lead Generation,,,,$425.00,TRUE,,CAPITAL ONE,,,
6/18/2026,Property Leads,PROPERTY LEADS,Lead Generation,,,,$425.00,TRUE,,CAPITAL ONE,,,
6/18/2026,Property Leads,PROPERTY LEADS,Lead Generation,,,,$425.00,TRUE,,CAPITAL ONE,,,
6/18/2026,Property Leads,PROPERTY LEADS,Lead Generation,,,,$425.00,TRUE,,CAPITAL ONE,,,
6/17/2026,Property Leads,PROPERTY LEADS,Lead Generation,,,,$425.00,TRUE,,CAPITAL ONE,,,
6/19/2026,Direct Mail Marketing,"REDSTONE PRINT & MAIL, IN",Lead Generation,,,,"$1,769.39",TRUE,,CAPITAL ONE,,,
6/19/2026,Direct Mail Marketing,"REDSTONE PRINT & MAIL, IN",Lead Generation,,,,"$2,601.34",TRUE,,CAPITAL ONE,,,
6/19/2026,Direct Mail Marketing,"REDSTONE PRINT & MAIL, IN",Lead Generation,,,,$206.56,TRUE,,CAPITAL ONE,,,
6/19/2026,Motivated Leads,MOTIVATED LEADS LLC,Lead Generation,,,,"$1,000.00",TRUE,,CAPITAL ONE,,,
6/26/2026,Motivated Leads,MOTIVATED LEADS LLC,Lead Generation,,,,"$1,000.00",TRUE,,CAPITAL ONE,,,
6/22/2026,Property Leads,PROPERTY LEADS,Lead Generation,,,,$425.00,TRUE,,CAPITAL ONE,,,
6/22/2026,Property Leads,PROPERTY LEADS,Lead Generation,,,,$425.00,TRUE,,CAPITAL ONE,,,
6/21/2026,Property Leads,PROPERTY LEADS,Lead Generation,,,,$450.00,TRUE,,CAPITAL ONE,,,
6/21/2026,Property Leads,PROPERTY LEADS,Lead Generation,,,,$450.00,TRUE,,CAPITAL ONE,,,
6/20/2026,Property Leads,PROPERTY LEADS,Lead Generation,,,,$450.00,TRUE,,CAPITAL ONE,,,
6/22/2026,Property Leads,PROPERTY LEADS,Lead Generation,,,,$450.00,TRUE,,CAPITAL ONE,,,
6/22/2026,Property Leads,PROPERTY LEADS,Lead Generation,,,,$450.00,TRUE,,CAPITAL ONE,,,
6/24/2026,Property Leads,PROPERTY LEADS,Lead Generation,,,,$450.00,TRUE,,CAPITAL ONE,,,
6/24/2026,Property Leads,PROPERTY LEADS,Lead Generation,,,,$450.00,TRUE,/,CAPITAL ONE,,,
6/22/2026,Property Leads,PROPERTY LEADS,Lead Generation,,,,$425.00,TRUE,,CAPITAL ONE,,,
6/17/2026,Digital Marketing,Google Ads,Lead Generation,,,,$500.00,TRUE,,CAPITAL ONE,,,
6/18/2026,Digital Marketing,Google Ads,Lead Generation,,,,$500.00,TRUE,,CAPITAL ONE,,,
6/18/2026,Digital Marketing,Google Ads,Lead Generation,,,,$500.00,TRUE,,CAPITAL ONE,,,
6/19/2026,Digital Marketing,Google Ads,Lead Generation,,,,$500.00,TRUE,,CAPITAL ONE,,,
6/19/2026,Digital Marketing,Google Ads,Lead Generation,,,,$500.00,TRUE,,CAPITAL ONE,,,
6/19/2026,Property Leads,PROPERTY LEADS,Lead Generation,,,,$425.00,TRUE,,CAPITAL ONE,,,
6/24/2026,Property Leads,PROPERTY LEADS,Lead Generation,,,,$425.00,TRUE,,CAPITAL ONE,,,
6/24/2026,Property Leads,PROPERTY LEADS,Lead Generation,,,,$425.00,TRUE,,CAPITAL ONE,,,
6/25/2026,Property Leads,PROPERTY LEADS,Lead Generation,,,,$425.00,TRUE,/,CAPITAL ONE,,,
7/1/2026,Digital Marketing,Google Ads,Lead Generation,,,,"$1,000.00",TRUE,,CAPITAL ONE,,,
7/2/2026,Digital Marketing,Google Ads,Lead Generation,,,,$109.57,TRUE,,CAPITAL ONE,,,
7/2/2026,Digital Marketing,Google Ads,Lead Generation,,,,$500.00,TRUE,,CAPITAL ONE,,,
7/2/2026,Motivated Leads,MOTIVATED LEADS LLC,Lead Generation,,,,"$1,000.00",TRUE,,CAPITAL ONE,,,
7/2/2026,Direct Mail Marketing,"REDSTONE PRINT & MAIL, IN",Lead Generation,,,,"$1,599.55",TRUE,,CAPITAL ONE,,,
7/3/2026,Digital Marketing,Google Ads,Lead Generation,,,,$500.00,TRUE,,CAPITAL ONE,,,
7/3/2026,Direct Mail Marketing,"REDSTONE PRINT & MAIL,",Lead Generation,,,,"$4,274.54",TRUE,,CAPITAL ONE,,,
7/3/2026,Digital Marketing,Google Ads,Lead Generation,,,,"$1,000.00",TRUE,,CAPITAL ONE,,,
6/27/2026,Property Leads,PROPERTY LEADS,Lead Generation,,,,$425.00,TRUE,,CAPITAL ONE,,,
6/27/2026,Property Leads,PROPERTY LEADS,Lead Generation,,,,$400.00,TRUE,,CAPITAL ONE,,,
6/27/2026,Property Leads,PROPERTY LEADS,Lead Generation,,,,$400.00,TRUE,,CAPITAL ONE,,,
6/27/2026,Property Leads,PROPERTY LEADS,Lead Generation,,,,$400.00,TRUE,,CAPITAL ONE,,,
6/27/2026,Property Leads,PROPERTY LEADS,Lead Generation,,,,$400.00,TRUE,,CAPITAL ONE,,,
6/27/2026,Property Leads,PROPERTY LEADS,Lead Generation,,,,$400.00,TRUE,,CAPITAL ONE,,,
6/27/2026,Property Leads,PROPERTY LEADS,Lead Generation,,,,$400.00,TRUE,,CAPITAL ONE,,,
7/2/2026,Property Leads,Property Leads,Lead Generation,,,,$400.00,TRUE,,CAPITAL ONE,,,
7/2/2026,Motivated Leads,MOTIVATED LEADS LLC,Lead Generation,,,,"$1,000.00",TRUE,,CAPITAL ONE,,,
7/2/2026,Property Leads,Property Leads,Lead Generation,,,,$400.00,TRUE,,CAPITAL ONE,,,
7/3/2026,Property Leads,Property Leads,Lead Generation,,,,$400.00,TRUE,,CAPITAL ONE,,,
7/3/2026,Digital Marketing,Google Ads,Lead Generation,,,,$500.00,TRUE,,CAPITAL ONE,,,
7/3/2026,Property Leads,Property Leads,Lead Generation,,,,$400.00,TRUE,,CAPITAL ONE,,,
7/3/2026,Property Leads,PROPERTY LEADS,Lead Generation,,,,$400.00,TRUE,,CAPITAL ONE,,,
7/3/2026,Property Leads,PROPERTY LEADS,Lead Generation,,,,$400.00,TRUE,,CAPITAL ONE,,,
7/8/2026,Digital Marketing,Google Ads,Lead Generation,,,,$500.00,TRUE,,CAPITAL ONE,,,
7/7/2026,Digital Marketing,Google Ads,Lead Generation,,,,$500.00,TRUE,,CAPITAL ONE,,,
7/7/2026,Digital Marketing,Google Ads,Lead Generation,,,,$500.00,TRUE,,CAPITAL ONE,,,
7/6/2026,Motivated Leads,MOTIVATED LEADS LLC,Lead Generation,Motivated Leads,Campaign Cost,As Needed,"$1,000.00",TRUE,,CAPITAL ONE,,,
7/8/2026,Property Leads,Property Leads,Lead Generation,,,,$400.00,TRUE,,CAPITAL ONE,,,
7/8/2026,Property Leads,Property Leads,Lead Generation,,,,$400.00,TRUE,,CAPITAL ONE,,,
7/8/2026,Property Leads,Property Leads,Lead Generation,,,,$400.00,TRUE,,CAPITAL ONE,,,
7/7/2026,Property Leads,Property Leads,Lead Generation,,,,$400.00,TRUE,,CAPITAL ONE,,,
7/7/2026,Property Leads,Property Leads,Lead Generation,,,,$400.00,TRUE,,CAPITAL ONE,,,
7/7/2026,Property Leads,Property Leads,Lead Generation,,,,$400.00,TRUE,,CAPITAL ONE,,,
7/7/2026,Property Leads,Property Leads,Lead Generation,,,,$400.00,TRUE,,CAPITAL ONE,,,
7/7/2026,Property Leads,Property Leads,Lead Generation,,,,$400.00,TRUE,,CAPITAL ONE,,,
7/8/2026,Property Leads,PROPERTY LEADS,Lead Generation,,,,$350.00,TRUE,,,,,
7/8/2026,Digital Marketing,Google Ads,Lead Generation,,,,$500.00,TRUE,,,,,
7/8/2026,Digital Marketing,Google Ads,Lead Generation,,,,$500.00,TRUE,,,,,
7/8/2026,Sales Acquisition,AUTO GENIUS,Lead Generation,,,,$50.00,TRUE,,,,,
7/8/2026,Digital Marketing,Google Ads,Lead Generation,,,,$500.00,TRUE,,,,,
7/8/2026,Motivated Leads,MOTIVATED LEADS LLC,Lead Generation,,,,"$1,000.00",TRUE,,,,,
7/8/2026,Motivated Leads,MOTIVATED LEADS LLC,Lead Generation,,,,"$1,000.00",TRUE,,,,,
7/8/2026,Property Leads,PROPERTY LEADS,Lead Generation,,,,$425.00,TRUE,,,,,
7/8/2026,Sales Acquisition,CALLRAIL INC*,Lead Generation,,,,$73.00,TRUE,,,,,
7/13/2026,Property Leads,PROPERTY LEADS,Lead Generation,,,,$425.00,TRUE,,,,,
7/13/2026,Property Leads,PROPERTY LEADS,Lead Generation,,,,$425.00,TRUE,,,,,
7/13/2026,Digital Marketing,Google Ads,Lead Generation,,,,$500.00,TRUE,,,,,
7/13/2026,Digital Marketing,Google Ads,Lead Generation,,,,$500.00,TRUE,,,,,
7/13/2026,Property Leads,PROPERTY LEADS,Lead Generation,,,,$425.00,TRUE,,,,,
7/14/2026,Digital Marketing,Google Ads,Lead Generation,,,,$500.00,TRUE,,,,,
7/14/2026,Property Leads,PROPERTY LEADS,Lead Generation,,,,$425.00,TRUE,,,,,
7/15/2026,Digital Marketing,Google Ads,Lead Generation,,,,$500.00,TRUE,,,,,
7/15/2026,Digital Marketing,Google Ads,Lead Generation,,,,$500.00,TRUE,,,,,
7/15/2026,Digital Marketing,BATEMAN COLLECTIVE,Lead Generation,,,,"$4,500.00",TRUE,,,,,
7/16/2026,Digital Marketing,Google Ads,Lead Generation,,,,$500.00,TRUE,,,,,
7/6/2026,Digital Marketing,Google Ads,Lead Generation,,,,"$1,000.00",FALSE,,,,,
7/15/2026,Sales Acquisition,Amazon,Lead Generation,,,,$43.82,FALSE,,,,,
7/15/2026,Facebook,Facebook,Lead Generation,,,,$171.00,FALSE,,,,,
7/15/2026,Sales Acquisition,Amazon,Lead Generation,,,,$21.91,FALSE,,,,,
7/17/2026,Direct Mail Marketing,"REDSTONE PRINT & MAIL, IN",Lead Generation,,,,"$1,376.02",TRUE,,,,,
7/17/2026,Property Leads,PROPERTY LEADS,Lead Generation,,,,$450.00,FALSE,,,,,
7/17/2026,Property Leads,PROPERTY LEADS,Lead Generation,,,,$450.00,FALSE,,,,,
7/17/2026,Digital Marketing,Google Ads,Lead Generation,,,,$500.00,FALSE,,,,,
7/18/2026,Property Leads,PROPERTY LEADS,Lead Generation,,,,$450.00,FALSE,,,,,
7/18/2026,Digital Marketing,Google Ads,Lead Generation,,,,$500.00,FALSE,,,,,
7/20/2026,Digital Marketing,Google Ads,Lead Generation,,,,$500.00,FALSE,,,,,
7/20/2026,Digital Marketing,Google Ads,Lead Generation,,,,$500.00,FALSE,,,,,
7/21/2026,Digital Marketing,Google Ads,Lead Generation,,,,$500.00,FALSE,,,,,
7/21/2026,Property Leads,PROPERTY LEADS,Lead Generation,,,,$450.00,FALSE,,,,,
7/21/2026,Digital Marketing,Google Ads,Lead Generation,,,,$500.00,FALSE,,,,,
7/21/2026,Digital Marketing,Google Ads,Lead Generation,,,,$500.00,FALSE,,,,,
7/21/2026,Digital Marketing,Google Ads,Lead Generation,,,,$500.00,FALSE,,,,,
7/22/2026,Digital Marketing,Google Ads,Lead Generation,,,,$500.00,FALSE,,,,,
7/27/2026,Property Leads,Property Leads,Lead Generation,,,,$500.00,FALSE,,,,,
7/27/2026,Property Leads,Property Leads,Lead Generation,,,,$500.00,FALSE,,,,,
7/27/2026,Property Leads,Property Leads,Lead Generation,,,,$500.00,FALSE,,,,,
7/27/2026,Property Leads,Property Leads,Lead Generation,,,,$500.00,FALSE,,,,,
7/27/2026,Property Leads,Property Leads,Lead Generation,,,,$475.00,FALSE,,,,,
7/27/2026,Property Leads,Property Leads,Lead Generation,,,,$475.00,FALSE,,,,,
7/27/2026,Property Leads,Property Leads,Lead Generation,,,,$475.00,FALSE,,,,,
7/27/2026,Property Leads,Property Leads,Lead Generation,,,,$475.00,FALSE,,,,,
7/27/2026,Property Leads,Property Leads,Lead Generation,,,,$500.00,FALSE,,,,,
7/27/2026,Property Leads,Property Leads,Lead Generation,,,,$500.00,FALSE,,,,,
7/27/2026,Property Leads,Property Leads,Lead Generation,,,,$500.00,FALSE,,,,,
7/27/2026,Property Leads,Property Leads,Lead Generation,,,,$500.00,FALSE,,,,,
7/27/2026,Property Leads,Property Leads,Lead Generation,,,,$475.00,FALSE,,,,,
7/27/2026,Property Leads,Property Leads,Lead Generation,,,,$475.00,FALSE,,,,,
7/27/2026,Property Leads,Property Leads,Lead Generation,,,,$475.00,FALSE,,,,,
7/27/2026,Property Leads,Property Leads,Lead Generation,,,,$475.00,FALSE,,,,,
7/29/2026,Direct Mail Marketing,ReceiptRedstone Print and Mail,Lead Generation,,,,"$2,214.38",TRUE,,,,,
7/29/2026,Property Leads,Property Leads,Lead Generation,,,,$500.00,FALSE,,,,,
7/30/2026,Property Leads,Property Leads,Lead Generation,,,,$500.00,FALSE,,,,,
7/30/2026,Property Leads,Property Leads,Lead Generation,,,,$500.00,FALSE,,,,,
7/31/2026,Property Leads,Property Leads,Lead Generation,,,,$500.00,FALSE,,,,,
8/1/2026,Property Leads,Property Leads,Lead Generation,,,,$500.00,FALSE,,,,,
8/1/2026,Property Leads,Property Leads,Lead Generation,,,,$500.00,FALSE,,,,,
8/1/2026,Property Leads,Property Leads,Lead Generation,,,,$500.00,FALSE,,,,,
8/1/2026,Property Leads,Property Leads,Lead Generation,,,,$500.00,FALSE,,,,,
8/1/2026,Property Leads,Property Leads,Lead Generation,,,,$500.00,FALSE,,,,,
8/1/2026,Property Leads,Property Leads,Lead Generation,,,,$500.00,FALSE,,,,,
8/3/2026,Property Leads,Property Leads,Lead Generation,,,,$500.00,FALSE,,,,,
8/3/2026,Property Leads,Property Leads,Lead Generation,,,,$500.00,FALSE,,,,,
8/3/2026,Property Leads,Property Leads,Lead Generation,,,,$500.00,FALSE,,,,,
8/3/2026,Digital Marketing,INSTANTLY,Lead Generation,,,,$65.00,FALSE,,,,,
8/3/2026,Digital Marketing,Google Ads,Lead Generation,,,,$202.33,FALSE,,,,,
8/3/2026,Property Leads,Property Leads,Lead Generation,,,,$500.00,FALSE,,,,,
8/3/2026,Property Leads,Property Leads,Lead Generation,,,,$500.00,FALSE,,,,,
8/6/2026,Sales Acquisition,Amazon,Sales Tools,,,,$49.95,FALSE,,CAPITAL ONE,,,
8/6/2026,Property Leads,Property Leads,Lead Generation,,,,$500.00,FALSE,,,,,
8/7/2026,Sales Acquisition,Amazon,Sales Tools,,,,$47.37,FALSE,,CAPITAL ONE,,,
8/7/2026,Sales Acquisition,Amazon,Sales Tools,,,,$22.86,FALSE,,CAPITAL ONE,,,
8/7/2026,Sales Acquisition,Amazon,Sales Tools,,,,$41.08,FALSE,,CAPITAL ONE,,,
8/7/2026,Direct Mail Marketing,REDSTONE PRINT & MAIL,Lead Generation,,,,$179.39,TRUE,,,,,
8/8/2026,Sales Acquisition,Amazon,Sales Tools,,,,$27.06,FALSE,,CAPITAL ONE,,,
8/8/2026,Sales Acquisition,Amazon,Sales Tools,,,,$32.52,FALSE,,CAPITAL ONE,,,
8/8/2026,Direct Mail Marketing,REDSTONE PRINT & MAIL,Lead Generation,,,,"$1,947.49",TRUE,,,,,
8/12/2026,Property Leads,Property Leads,Lead Generation,,,,$500.00,FALSE,,,,,
8/13/2026,Property Leads,Property Leads,Lead Generation,,,,$500.00,FALSE,,,,,
8/13/2026,Property Leads,Property Leads,Lead Generation,,,,$500.00,FALSE,,,,,
8/15/2026,Property Leads,Property Leads,Lead Generation,,,,$550.00,FALSE,,,,,
8/15/2026,Sales Acquisition,Auto Genius 8554364870,Sales Tools,,,,$50.00,FALSE,,,,,
8/17/2026,Property Leads,Property Leads,Lead Generation,,,,$550.00,FALSE,,,,,
8/17/2026,Property Leads,Property Leads,Lead Generation,,,,$550.00,FALSE,,,,,
8/17/2026,Property Leads,Property Leads,Lead Generation,,,,$550.00,FALSE,,,,,
8/19/2026,Sales Acquisition,CALLRAIL INC*,Marketing Tools,,,,$18.00,FALSE,,,,,
,,,,,,,,FALSE,,,,,
,,,,,,,,FALSE,,,,,
,,,,,,,,FALSE,,,,,
,,,,,,,,FALSE,,,,,
,,,,,,,,FALSE,,,,,
,,,,,,,,FALSE,,,,,
,,,,,,,,FALSE,,,,,
,,,,,,,,FALSE,,,,,
,,,,,,,,FALSE,,,,,
,,,,,,,,FALSE,,,,,
,,,,,,,,FALSE,,,,,
,,,,,,,,FALSE,,,,,
,,,,,,,,FALSE,,,,,
,,,,,,,,FALSE,,,,,
,,,,,,,,FALSE,,,,,
,,,,,,,,FALSE,,,,,
,,,,,,,,FALSE,,,,,
,,,,,,,,FALSE,,,,,
,,,,,,,,FALSE,,,,,
,,,,,,,,FALSE,,,,,
,,,,,,,,FALSE,,,,,
,,,,,,,,FALSE,,,,,
,,,,,,,,FALSE,,,,,
,,,,,,,,FALSE,,,,,
,,,,,,,,FALSE,,,,,
,,,,,,,,FALSE,,,,,
,,,,,,,,FALSE,,,,,
,,,,,,,,FALSE,,,,,
,,,,,,,,FALSE,,,,,
,,,,,,,,FALSE,,,,,
,,,,,,,,FALSE,,,,,
,,,,,,,,FALSE,,,,,
,,,,,,,,FALSE,,,,,
,,,,,,,,FALSE,,,,,
,,,,,,,,FALSE,,,,,
,,,,,,,,FALSE,,,,,
,,,,,,,,FALSE,,,,,