Who Will Pay,Date,Vendor,Description,Amount,Company,Bucket,Expense Type,Recurring,PAID,,,
PPS Relay,04/04/2026,A&A GAS AND FOOD MART,,$105.77,Peninsula Plumbing,,,,TRUE,,3158.84,PPS
PPS Relay,04/20/2026,ARCO,,$121.86,Peninsula Plumbing,,,,TRUE,,,
PPS Relay,04/20/2026,A&A GAS AND FOOD MART,,$109.80,Peninsula Plumbing,,,,TRUE,,,
PPS Relay,04/20/2026,Ace Hardware,,$86.11,Peninsula Plumbing,,,,TRUE,,,
PPS Relay,04/20/2026,Home Depot,,$44.18,Peninsula Plumbing,,,,TRUE,,,
PPS Relay,04/22/2026,BELMONT ALLIANCE GAS,,$121.36,Peninsula Plumbing,,,,TRUE,,,
PPS Relay,04/22/2026,Home Depot,,$883.99,Peninsula Plumbing,,,,TRUE,,,
PPS Relay,04/23/2026,Guy Plumbing & Heating,,$97.28,Peninsula Plumbing,,,,TRUE,,,
PPS Relay,04/29/2026,ARCO,,$50.00,Peninsula Plumbing,,,,TRUE,,,
Equity Track 8251,04/30/2026,Shell Oil,,$78.68,Owner's Pay,,,,TRUE,,,
PPS Relay,04/27/2026,Home Depot,,$138.50,Peninsula Plumbing,,,,TRUE,,,
PPS Relay,04/27/2026,Home Depot,,$14.22,Peninsula Plumbing,,,,TRUE,,,
PPS Relay,04/25/2026,BELMONT ALLIANCE GAS,,$114.91,Peninsula Plumbing,,,,TRUE,,,
PPS Relay,05/06/2026,THE PACE SUPPLY CORP 9,,$579.50,Peninsula Plumbing,,,,TRUE,,,
PPS Relay,05/06/2026,Home Depot,,$565.69,Peninsula Plumbing,,,,TRUE,,,
PPS Relay,05/07/2026,THE PACE SUPPLY CORP 9,,$125.67,Peninsula Plumbing,,,,TRUE,,,
PPS Relay,05/07/2026,In-N-Out Burger,,$26.80,Peninsula Plumbing,,,,TRUE,,,
PPS Relay,05/08/2026,THE PACE SUPPLY CORP 9,,"$6,312.91",Peninsula Plumbing,,,,TRUE,,,
PPS Relay,05/08/2026,A&A GAS AND FOOD MART,,$125.00,Peninsula Plumbing,,,,TRUE,,,
PPS Relay,05/08/2026,Home Depot,,$97.33,Peninsula Plumbing,,,,TRUE,,,
PPS Relay,05/08/2026,EL CHARRITO TAQUERIA,,$32.36,Peninsula Plumbing,,,,TRUE,,,
Equity Track 8251,05/08/2026,Craigslist,,$5.00,Real Estate- THB/ Equity Track,,,,TRUE,,,
Equity Track 8251,05/09/2026,State of California DMV,,"$1,059.00",Owner's Pay,,,,FALSE,,,
Equity Track 8251,05/09/2026,DMV Fee,,$20.65,Owner's Pay,,,,FALSE,,,
PPS Relay,05/14/2026,Home Depot,,$66.10,Peninsula Plumbing,,,,TRUE,,,
PPS Relay,05/15/2026,Cal-Steam,,"$1,531.57",Peninsula Plumbing,,,,TRUE,,,
PPS Relay,05/15/2026,ARCO $172.57,,$57.52,Peninsula Plumbing,,,,TRUE,,,
PPS Relay,05/22/2026,RNB Auto Repair,,$25.00,Peninsula Plumbing,,,,TRUE,,,
PPS Relay,05/21/2026,76 - $173.42,,$36.48,Peninsula Plumbing,,,,TRUE,,,
PPS Relay,05/21/2026,Home Depot,,$77.56,Peninsula Plumbing,,,,TRUE,,,
PPS Relay,05/21/2026,Home Depot,,$26.70,Peninsula Plumbing,,,,TRUE,,,
PPS Relay,05/26/2026,Home Depot,,$103.17,Peninsula Plumbing,,,,TRUE,,,
PPS Relay,05/26/2026,ARCO,,$18.21,Peninsula Plumbing,,,,TRUE,,,
PPS Relay,05/28/2026,FasTrak,,$263.50,Peninsula Plumbing,,,,TRUE,,,
Equity Track 8251,05/28/2026,Facebook,,$2.89,Real Estate- THB/ Equity Track,,,,TRUE,,,
Equity Track 8251,05/29/2026,Amazon,,$50.32,Owner's Pay,,,,TRUE,,,
Equity Track 8251,05/29/2026,Amazon,,$27.08,Owner's Pay,,,,TRUE,,,
Equity Track 8251,05/29/2026,Amazon,,$22.29,Owner's Pay,,,,TRUE,,,
Equity Track 8251,05/29/2026,Amazon,,$20.68,Owner's Pay,,,,TRUE,,,
Equity Track 8251,05/29/2026,Amazon,,$62.31,Real Estate- THB/ Equity Track,,,,TRUE,,,
Equity Track 8251,05/30/2026,CAMP.INTEGEM.COM,,"$1,486.00",Owner's Pay,,,,TRUE,,,
Equity Track 8251,06/04/2026,CAMP.INTEGEM.COM,,$100.00,Owner's Pay,,,,TRUE,,,
Equity Track 8251,06/05/2026,Amazon,,$24.54,Real Estate- THB/ Equity Track,,,,TRUE,,,
Equity Track 8251,06/05/2026,Amazon,,$81.16,Real Estate- THB/ Equity Track,,,,TRUE,,,
Equity Track 8251,06/08/2026,PAYPAL *SASS-SHIP,,$50.00,Real Estate- THB/ Equity Track,,,,TRUE,,,
PPS Relay,06/13/2026,ARCO,ARCO,$175.00,Peninsula Plumbing,,,,TRUE,,,
Equity Track 8251,06/17/2026,RED CAPE H* RED CAPE H,,$46.88,Real Estate- THB/ Equity Track,,,,TRUE,,,
Equity Track 8251,06/17/2026,RED CAPE H* RED CAPE H,,$165.75,Real Estate- THB/ Equity Track,,,,TRUE,,,
Equity Track 8251,06/17/2026,RED CAPE H* RED CAPE H,,$162.50,Real Estate- THB/ Equity Track,,,,TRUE,,,
Equity Track 8251,06/18/2026,Camp Integem,,"($1,486.00)",Owner's Pay,,,,TRUE,,,
Equity Track 8251,06/18/2026,Camp Integem,,($100.00),Owner's Pay,,,,TRUE,,,
Equity Track 8251,07/03/2026,Office Depot,,$26.77,Real Estate- THB/ Equity Track,,,,TRUE,,,
Equity Track 8251,07/03/2026,Facebook,,$171.00,Real Estate- THB/ Equity Track,,,,TRUE,,,
Equity Track 8251,07/03/2026,Dollar Tree,,$7.93,Real Estate- THB/ Equity Track,,,,TRUE,,,
Equity Track 8251,07/08/2026,Facebook,,$171.00,Real Estate- THB/ Equity Track,,,,TRUE,,,
Equity Track 8251,07/08/2026,Facebook,,$42.32,Real Estate- THB/ Equity Track,,,,TRUE,,,
Equity Track 8251,07/08/2026,Facebook,,$171.00,Real Estate- THB/ Equity Track,,,,TRUE,,,
Equity Track 8251,07/08/2026,Williams Business Park,,"$2,325.03",Real Estate- THB/ Equity Track,,,,TRUE,,,
BOA 8217,07/13/2026,Amazon,,$47.15,Matrix Group One,,,,TRUE,,,
Equity Track 8251,07/13/2026,RED CAPE H* RED CAPE H,,$164.18,Real Estate- THB/ Equity Track,,,,TRUE,,,
Equity Track 8251,07/13/2026,Facebook,,$171.00,Real Estate- THB/ Equity Track,,,,TRUE,,,
Equity Track 8251,07/06/2026,Facebook,,$171.00,Real Estate- THB/ Equity Track,,,,TRUE,,,
Equity Track 8251,07/16/2026,Facebook,,$171.00,Real Estate- THB/ Equity Track,,,,TRUE,,,
Equity Track 8251,07/17/2026,Facebook,,$171.00,Real Estate- THB/ Equity Track,,,,TRUE,,,
Equity Track 8251,07/21/2026,RED CAPE H* RED CAPE H,,$188.50,Real Estate- THB/ Equity Track,,,,TRUE,,,
Equity Track 8251,07/27/2026,CSLB*SVC,,$20.93,Matrix Group One,,,,TRUE,,,
Equity Track 8251,07/27/2026,CSLB,,$700.00,Matrix Group One,,,,TRUE,,,
Equity Track 8251,08/01/2026,DRAEGER'S MENLO PARK,,$108.02,Real Estate- THB/ Equity Track,,,,TRUE,,,
Equity Track 8251,08/06/2026,REDSTONE PRINT & MAIL,,"$1,672.15",Real Estate- THB/ Equity Track,,,,TRUE,,,
Equity Track 8251,08/06/2026,CA DMV FEE,,$28.49,Peninsula Plumbing,,,,TRUE,,,
Equity Track 8251,08/06/2026,STATE OF CALIF DMV INT SC,,"$1,461.00",Peninsula Plumbing,,,,TRUE,,,
Equity Track 8251,08/06/2026,CA Secretary of State,,$25.00,Real Estate- THB/ Equity Track,,,,TRUE,,,
Equity Track 8251,08/07/2026,CLIPPER TRANSIT FARE,,$5.50,Real Estate- THB/ Equity Track,,,,TRUE,,,
Equity Track 8251,08/07/2026,CLIPPER TRANSIT FARE,,$5.50,Real Estate- THB/ Equity Track,,,,TRUE,,,
Equity Track 8251,08/13/2026,Foremost Insurance,,"$3,296.71",Real Estate- THB/ Equity Track,,,,TRUE,,,
Equity Track 8251,08/17/2026,Amazon,,$36.03,Real Estate- THB/ Equity Track,,,,TRUE,,,
Equity Track 8251,08/14/2026,Amazon,,$19.87,Real Estate- THB/ Equity Track,,,,TRUE,,,
Equity Track 8251,08/17/2026,Clipper-Transit Fare,,$7.55,Real Estate- THB/ Equity Track,,,,TRUE,,,
Equity Track 8251,09/14/2026,Williams Business Park,,2325.03,Real Estate- THB/ Equity Track,,,,FALSE,,,
Equity Track 8251,09/14/2026,PAST DUE FEE,,$882.00,Real Estate- THB/ Equity Track,,,,FALSE,,,
,,,,,,,,,FALSE,,,
,,,,,,,,,FALSE,,,
,,,,,,,,,FALSE,,,
,,,,,,,,,FALSE,,,
,,,,,,,,,FALSE,,,
,,,,,,,,,FALSE,,,
,,,,,,,,,FALSE,,,
,,,,,,,,,FALSE,,,
,,,,,,,,,FALSE,,,
,,,,,,,,,FALSE,,,
,,,,,,,,,FALSE,,,
,,,,,,,,,FALSE,,,
,,,,,,,,,FALSE,,,
,,,,,,,,,FALSE,,,
,,,,,,,,,FALSE,,,
,,,,,,,,,FALSE,,,
,,,,,,,,,FALSE,,,
,,,,,,,,,FALSE,,,
,,,,,,,,,FALSE,,,
,,,,,,,,,FALSE,,,
,,,,,,,,,FALSE,,,
,,,,,,,,,FALSE,,,
,,,,,,,,,FALSE,,,
,,,,,,,,,FALSE,,,
,,,,,,,,,FALSE,,,
,,,,,,,,,FALSE,,,
,,,,,,,,,FALSE,,,
,,,,,,,,,FALSE,,,
,,,,,,,,,FALSE,,,
,,,,,,,,,FALSE,,,
,,,,,,,,,FALSE,,,
,,,,,,,,,FALSE,,,
,,,,,,,,,FALSE,,,
,,,,,,,,,FALSE,,,
,,,,,,,,,FALSE,,,
,,,,,,,,,FALSE,,,
,,,,,,,,,FALSE,,,
,,,,,,,,,FALSE,,,
,,,,,,,,,FALSE,,,
,,,,,,,,,FALSE,,,
,,,,,,,,,FALSE,,,
,,,,,,,,,FALSE,,,
,,,,,,,,,FALSE,,,
,,,,,,,,,FALSE,,,
,,,,,,,,,FALSE,,,
,,,,,,,,,FALSE,,,
,,,,,,,,,FALSE,,,
,,,,,,,,,FALSE,,,
,,,,,,,,,FALSE,,,
,,,,,,,,,FALSE,,,
,,,,,,,,,FALSE,,,
,,,,,,,,,FALSE,,,
,,,,,,,,,FALSE,,,