                                                                         ,,,,,,,,,,
,,,,,,,,,,
Property,Who Will Pay,Date,Description,Vendor,Category,Amount,,,,
164 Springdale Way,,04/02/2026,Receipt,O.K. Lumber Company,TRUE,$436.65,,,Balance,Due
751 27th Ave,,04/01/2026,Receipt,Holly 76,TRUE,$156.00,,170 Glenn Way,"$9,300.12","$2,325.03"
519 Orizaba Ave,,04/09/2026,,THE PACE SUPPLY CORP 9,TRUE,$589.23,,2352 Menalto Ave,$0.00,$0.00
519 Orizaba Ave,,04/09/2026,,Holly 76,TRUE,$121.12,,519 Orizaba Ave,$0.00,$0.00
164 Springdale Way,,4/13/2026,,Shell Oil,TRUE,$129.52,,1202 Via Lucas,$0.00,$0.00
100 Palm Ave,,5/2/2026,,Chevron,TRUE,$35.18,,1574 Jerrold Ave,$0.00,$0.00
100 Palm Ave,,05/04/2026,,Home Depot,TRUE,$211.01,,915 52nd St,$0.00,$0.00
100 Palm Ave,,05/04/2026,,Home Depot,TRUE,$31.47,,751 27th Ave,"$19,835.76",$0.00
170 Glenn Way,,05/06/2026,,Williams Business Park,TRUE,"$2,325.03",,7426 Mulholland Dr,$0.00,$0.00
519 Orizaba Ave,,05/09/2026,,OX MOUNTAIN SANITARY L,TRUE,$334.00,,Rental Property,"$4,517.86",$0.00
519 Orizaba Ave,,05/12/2026,,ABC Supply,TRUE,$60.97,,8227 Ney Ave,$0.00,$0.00
519 Orizaba Ave,,05/12/2026,,GE Home Supply,TRUE,"$3,219.54",,100 Palm Ave,$277.66,$0.00
519 Orizaba Ave,,05/12/2026,,GE Home Supply,TRUE,$9.95,,820 28th St,$955.36,$0.00
519 Orizaba Ave,,05/12/2026,,GE Home Supply,TRUE,$91.83,,,,
519 Orizaba Ave,,05/14/2026,,BEE GREEN RECYCLING & SUP,TRUE,$238.28,,,,
519 Orizaba Ave,,05/14/2026,,KZ KITCHEN CABINETS & STO,TRUE,"$1,519.79",,,,
164 Springdale Way,,05/14/2026,,Empire Today,TRUE,"$5,897.98",,,,
751 27th Ave,,05/14/2026,,BEE GREEN RECYCLING & SUP,TRUE,$238.28,,,,
820 28th St,,05/14/2026,,Autozone,TRUE,$12.95,,,,
519 Orizaba Ave,,05/15/2026,,Home Depot,TRUE,$316.79,,,,
820 28th St,,05/14/2026,,BEE GREEN RECYCLING & SUP,TRUE,$476.55,,,,
751 27th Ave,,05/15/2026,,ARCO $172.57,TRUE,$57.52,,,,
820 28th St,,05/15/2026,,ARCO $172.57,TRUE,$57.52,,,,
164 Springdale Way,,05/19/2026,,Pg&E,TRUE,$7.21,,,,
164 Springdale Way,,05/19/2026,,Pg&E,TRUE,$369.52,,,,
519 Orizaba Ave,,05/19/2026,,Home Depot,TRUE,$208.14,,,,
164 Springdale Way,,05/19/2026,,City of Redwood City,TRUE,$87.96,,,,
1932 Chestnut Ave,,05/19/2026,,City of Antioch- Ecomm,TRUE,$47.20,,,,
519 Orizaba Ave,,05/20/2026,,Home Depot,TRUE,$807.63,,,,
Rental Property,,05/22/2026,,EBM*UD-REMITCTR/EZ-PAY,TRUE,"$1,098.76",,,,
519 Orizaba Ave,,05/21/2026,,76 - $173.42,TRUE,$69.37,,,,
751 27th Ave,,05/21/2026,,76 - $173.42,TRUE,$69.37,,,,
751 27th Ave,,05/23/2026,,OX MOUNTAIN SANITARY L,TRUE,$391.00,,,,
Rental Property,,05/23/2026,,HDL WEB - 816,TRUE,"$1,906.38",,,,
820 28th St,,05/24/2026,,Comcast,TRUE,$385.32,,,,
519 Orizaba Ave,,05/24/2026,,Home Depot,TRUE,($6.34),,,,
751 27th Ave,,05/28/2026,,Shell Oil,TRUE,$126.55,,,,
820 28th St,,05/27/2026,,Shell Oil,TRUE,$23.02,,,,
751 27th Ave,,05/28/2026,,Amazon,TRUE,$39.45,,,,
751 27th Ave,,05/28/2026,,A3 Tile,TRUE,$346.66,,,,
Rental Property,,05/29/2026,,LawnCare,TRUE,$19.99,,,,
Rental Property,,05/29/2026,,Home Depot,TRUE,$187.91,,,,
751 27th Ave,,06/02/2026,,O. K. LUMBER COMPANY.CO,TRUE,$110.38,,,,
751 27th Ave,,06/02/2026,,Wayfair,TRUE,$623.79,,,,
751 27th Ave,,06/02/2026,,All Natural Stone Burling,TRUE,$973.81,,,,
751 27th Ave,,06/03/2026,, Amazon,TRUE,$315.76,,,,
Rental Property,,06/02/2026,,ARCO,TRUE,$140.02,,,,
Rental Property,,06/05/2026,,BEE GREEN RECYCLING & SUP,TRUE,$60.00,,,,
751 27th Ave,,06/05/2026,,All Natural Stone Burling,TRUE,"$1,102.00",,,,
751 27th Ave,,06/05/2026,,All Natural Stone Burling,TRUE,$538.22,,,,
751 27th Ave,,06/05/2026,,Amazon,TRUE,$274.04,,,,
Rental Property,,06/05/2026,,Dollar Tree,TRUE,$7.48,,,,
Rental Property,,06/05/2026,,Home Depot,TRUE,($30.85),,,,
Rental Property,,06/05/2026,,Home Depot,TRUE,($48.33),,,,
Rental Property,,06/08/2026,,Pg&E,TRUE,"$1,093.19",,,,
Rental Property,,06/08/2026,,Pg&E,TRUE,$21.32,,,,
170 Glenn Way,,06/08/2026,,Williams Business Park,TRUE,"$2,325.03",,,,
751 27th Ave,,06/11/2026,,Amazon,TRUE,$384.75,,,,
751 27th Ave,,06/11/2026,,Amazon,TRUE,$251.26,,,,
751 27th Ave,,06/11/2026,,Amazon,TRUE,$362.97,,,,
751 27th Ave,,06/11/2026,,Amazon,TRUE,$97.56,,,,
751 27th Ave,,06/11/2026,,Amazon,TRUE,$916.92,,,,
519 Orizaba Ave,,06/11/2026,,Amazon,TRUE,$629.76,,,,
164 Springdale Way,,06/11/2026,,SAN MATEO COUNTY PLANNING,TRUE,$191.00,,,,
164 Springdale Way,,06/11/2026,,SAN MATEO COUNTY PLANNING,TRUE,$5.73,,,,
Rental Property,,06/11/2026,,LAWNCARE* LAWN LOVE,TRUE,$61.99,,,,
519 Orizaba Ave,,06/11/2026,,Amazon,TRUE,$43.72,,,,
751 27th Ave,,06/11/2026,,"LS TAP PLASTICS, INC",TRUE,"$1,397.78",,,,
519 Orizaba Ave,,06/12/2026,,Amazon,TRUE,$90.71,,,,
751 27th Ave,,06/12/2026,,Amazon,TRUE,$159.94,,,,
519 Orizaba Ave,,06/12/2026,,Amazon,TRUE,$94.49,,,,
27 Prague St,,07/08/2026,,Home Depot,TRUE,$505.98,,,,
751 27th Ave,,07/08/2026,,Home Depot,TRUE,($301.99),,,,
27 Prague St,,07/08/2026,,Home Depot,TRUE,$496.72,,,,
27 Prague St,,07/08/2026,,Amazon,TRUE,$511.84,,,,
751 27th Ave,,07/08/2026,,Amazon,TRUE,$18.63,,,,
751 27th Ave,,07/08/2026,,A-G SOD FARMS,TRUE,$746.72,,,,
751 27th Ave,,07/08/2026,,Home Depot,TRUE,$496.72,,,,
27 Prague St,,07/08/2026,,IN *A-1 GUTTER GUYS,TRUE,"$1,108.28",,,,
27 Prague St,,07/13/2026,,Amazon,TRUE,$393.72,,,,
751 27th Ave,,07/17/2026,,Home Depot,TRUE,$922.92,,,,
751 27th Ave,,07/18/2026,,SQ *J'S CUSTOM GLASS AND,TRUE,"$6,243.91",,,,
751 27th Ave,,07/18/2026,,SQ *J'S CUSTOM GLASS AND,TRUE,"$1,565.17",,,,
519 Orizaba Ave,,07/18/2026,,Empire Today,TRUE,"$1,838.46",,,,
751 27th Ave,,07/21/2026,,OGAWA-MUNE INC,TRUE,"$1,082.66",,,,
27 Prague St,,07/24/2026,,HOMEWISE APPLIANCE,TRUE,"$5,194.44",,,,
27 Prague St,,07/24/2026,,Lyons Garden Materials,TRUE,$306.70,,,,
27 Prague St,,07/24/2026,,Lyons Garden Materials,TRUE,"$1,182.16",,,,
27 Prague St,,07/25/2026,,FERGUSON HOME,TRUE,$958.92,,,,
27 Prague St,,07/27/2026,,Amazon,TRUE,$100.37,,,,
1464 Sunrise Pkwy,,07/27/2026,,Precision Garage Door,TRUE,$219.77,,,,
1464 Sunrise Pkwy,,07/27/2026,,Amazon,TRUE,$24.05,,,,
1464 Sunrise Pkwy,,07/27/2026,,SP Sleepyhead USA,TRUE,$472.65,,,,
1464 Sunrise Pkwy,,07/27/2026,,Amazon,TRUE,$145.44,,,,
1464 Sunrise Pkwy,,07/27/2026,,Finance - City of Petaluma,TRUE,$49.00,,,,
1464 Sunrise Pkwy,,07/27/2026,,"City of Petaluma, CA – MyGovPay",TRUE,"$1,801.00",,,,
164 Springdale Way,,07/28/2026,,City of Redwood,TRUE,$113.77,,,,
27 Prague St,,07/29/2026,,Home Depot,TRUE,"$3,306.51",,,,
1464 Sunrise Pkwy,,07/29/2026,,Home Depot,TRUE,"$1,722.72",,,,
"3375 17th St, San Francisco",,07/31/2026,,SF 3R Report,TRUE,$388.48,,,,
27 Prague St,,07/31/2026,,Home Depot,TRUE,"$1,226.01",,,,
1464 Sunrise Pkwy,,07/31/2026,,Amazon,TRUE,$436.56,,,,
1464 Sunrise Pkwy,,08/01/2026,,Amazon,TRUE,$440.99,,,,
27 Prague St,,08/01/2026,,Home Depot,TRUE,"$2,305.68",,,,
1464 Sunrise Pkwy,,08/01/2026,,Home Depot,TRUE,"$2,226.85",,,,
27 Prague St,,08/01/2026,,Home Depot,TRUE,"$2,308.27",,,,
751 27th Ave,,08/01/2026,,Home Depot,TRUE,$127.01,,,,
1464 Sunrise Pkwy,,08/03/2026,,Amazon,TRUE,$664.86,,,,
1464 Sunrise Pkwy,,08/03/2026,,Amazon,TRUE,$218.28,,,,
"3375 17th St, San Francisco",,08/03/2026,,TCB*MTA METER-MTA PM,TRUE,$7.35,,,,
"3375 17th St, San Francisco",,08/03/2026,,TCB*MTA METER-MTA PM,TRUE,$15.73,,,,
"3375 17th St, San Francisco",,08/03/2026,,Amazon,TRUE,$100.08,,,,
27 Prague St,,08/03/2026,,Home Depot,TRUE,$678.48,,,,
"3375 17th St, San Francisco",,08/03/2026,,Home Depot,TRUE,"$1,518.90",,,,
1464 Sunrise Pkwy,,08/05/2026,,Home Depot,TRUE,"$1,537.69",,,,
1464 Sunrise Pkwy,,08/05/2026,,Home Depot,TRUE,$970.55,,,,
27 Prague St,,08/05/2026,,Home Depot,TRUE,"$2,499.83",,,,
170 Glenn Way,,08/06/2026,,Williams Business Park,TRUE,"$2,325.03",,,,
"3375 17th St, San Francisco",,08/06/2026,,Amazon,TRUE,$244.38,,,,
"3375 17th St, San Francisco",,08/06/2026,,Amazon,TRUE,($220.56),,,,
"3375 17th St, San Francisco",,08/06/2026,,Amazon,TRUE,$220.56,,,,
"3375 17th St, San Francisco",,08/06/2026,,Amazon,TRUE,$202.29,,,,
1464 Sunrise Pkwy,,08/06/2026,,Wayfair,TRUE,$371.84,,,,
1464 Sunrise Pkwy,,08/06/2026,,Wayfair,TRUE,$262.48,,,,
27 Prague St,,08/06/2026,,Home Depot,TRUE,$497.88,,,,
27 Prague St,,08/11/2026,,Home Depot,TRUE,($9.82),,,,
27 Prague St,,08/13/2026,,Home Depot,TRUE,($99.02),,,,
27 Prague St,,08/13/2026,,Home Depot,TRUE,$99.02,,,,
27 Prague St,,08/12/2026,,Home Depot Refund,TRUE,($37.59),,,,
"3375 17th St, San Francisco",,08/12/2026,,Home Depot Refund,TRUE,"($1,970.45)",,,,
"3375 17th St, San Francisco",,08/12/2026,,Home Depot Refund,TRUE,($99.02),,,,
"460 5th Ave, Redwood City",,08/13/2026,,CR Windows Inc,TRUE,"$5,455.24",,,,
"3375 17th St, San Francisco",,08/14/2026,,HOME WISE APPLIANCE,TRUE,"$4,175.34",,,,
"3375 17th St, San Francisco",,08/14/2026,,HOME WISE APPLIANCE,TRUE,"$2,037.63",,,,
"3375 17th St, San Francisco",,08/14/2026,,HOME WISE APPLIANCE,TRUE,"$3,027.55",,,,
"3375 17th St, San Francisco",,08/14/2026,,HOME WISE APPLIANCE,TRUE,"($3,027.55)",,,,
"3375 17th St, San Francisco",,08/14/2026,,Home Depot,TRUE,($4.93),,,,
"3375 17th St, San Francisco",,08/10/2026,,TCB*MTA METER-MTA PM,TRUE,$17.77,,,,
27 Prague St,,08/10/2026,,Build.com,TRUE,($920.60),,,,
"3375 17th St, San Francisco",,08/07/2026,,TCB*MTA METER-MTA PM,TRUE,$16.35,,,,
"3375 17th St, San Francisco",,08/07/2026,,TCB*MTA METER-MTA PM,TRUE,$14.85,,,,
"3375 17th St, San Francisco",,08/05/2026,,Wayfair,TRUE,$551.23,,,,
"3375 17th St, San Francisco",,08/01/2026,,TCB*MTA METER-MTA PM,TRUE,$9.10,,,,
"3375 17th St, San Francisco",,08/01/2026,,TCB*MTA METER-MTA PM,TRUE,$15.47,,,,
1464 Sunrise Pkwy,,08/01/2026,,CITY OF PETALUMA CA*SE,TRUE,$75.77,,,,
1464 Sunrise Pkwy,,08/01/2026,,CITY OF PETALUMA CA,TRUE,"$2,525.80",,,,
1464 Sunrise Pkwy,,08/13/2026,,Homewise Appliance RWC,TRUE,"$5,206.19",,,,
"3375 17th St, San Francisco",,08/01/2026,,SF SERVICE FEE,TRUE,$9.48,,,,
"3375 17th St, San Francisco",,08/01/2026,,SF DEPT OF BLDG INSPECTION,TRUE,$379.00,,,,
"460 5th Ave, Redwood City",,09/14/2026,,Home Depot,FALSE,"$1,161.78",,,,
"460 5th Ave, Redwood City",,09/11/2026,,Home Depot,FALSE,$32.78,,,,
"460 5th Ave, Redwood City",,09/11/2026,,Home Depot,FALSE,$372.80,,,,
27 Prague St,,09/02/2026,,SM BUS TAX CERT,FALSE,$107.02,,,,
,,,,,FALSE,,,,,
,,,,,FALSE,,,,,
,,,,,FALSE,,,,,
,,,,,FALSE,,,,,
,,,,,FALSE,,,,,
,,,,,FALSE,,,,,
,,,,,FALSE,,,,,
,,,,,FALSE,,,,,
,,,,,FALSE,,,,,
,,,,,FALSE,,,,,
,,,,,FALSE,,,,,
,,,,,FALSE,,,,,
,,,,,FALSE,,,,,
,,,,,FALSE,,,,,
,,,,,FALSE,,,,,
,,,,,FALSE,,,,,
,,,,,FALSE,,,,,
,,,,,FALSE,,,,,
,,,,,FALSE,,,,,
,,,,,FALSE,,,,,
,,,,,FALSE,,,,,
,,,,,FALSE,,,,,
,,,,,FALSE,,,,,
,,,,,FALSE,,,,,
,,,,,FALSE,,,,,
,,,,,FALSE,,,,,
,,,,,FALSE,,,,,
,,,,,FALSE,,,,,
,,,,,FALSE,,,,,
,,,,,FALSE,,,,,
,,,,,FALSE,,,,,
,,,,,FALSE,,,,,
,,,,,FALSE,,,,,
,,,,,FALSE,,,,,
,,,,,FALSE,,,,,
,,,,,FALSE,,,,,
,,,,,FALSE,,,,,
,,,,,FALSE,,,,,
,,,,,FALSE,,,,,
,,,,,FALSE,,,,,
,,,,,FALSE,,,,,
170 Glenn Way,,09/10/2026,,Williams Business Park,FALSE,"$2,325.03",,,,
,,,,,FALSE,,,,,
,,,,,FALSE,,,,,
,,,,,FALSE,,,,,
,,,,,FALSE,,,,,
,,,,,FALSE,,,,,
,,,,,FALSE,,,,,
,,,,,FALSE,,,,,
,,,,,FALSE,,,,,
,,,,,FALSE,,,,,
,,,,,FALSE,,,,,
,,,,,FALSE,,,,,
,,,,,FALSE,,,,,
,,,,,FALSE,,,,,
,,,,,FALSE,,,,,
,,,,,FALSE,,,,,
,,,,,FALSE,,,,,
,,,,,FALSE,,,,,
,,,,,FALSE,,,,,
,,,,,FALSE,,,,,
,,,,,FALSE,,,,,
,,,,,FALSE,,,,,
,,,,,FALSE,,,,,
,,,,,FALSE,,,,,
,,,,,FALSE,,,,,
,,,,,FALSE,,,,,
,,,,,FALSE,,,,,
,,,,,FALSE,,,,,
,,,,,FALSE,,,,,
,,,,,FALSE,,,,,
,,,,,FALSE,,,,,
,,,,,FALSE,,,,,
,,,,,FALSE,,,,,
,,,,,FALSE,,,,,
,,,,,FALSE,,,,,
,,,,,FALSE,,,,,
,,,,,FALSE,,,,,
,,,,,FALSE,,,,,
,,,,,FALSE,,,,,
,,,,,FALSE,,,,,
,,,,,FALSE,,,,,
,,,,,FALSE,,,,,
,,,,,FALSE,,,,,
,,,,,FALSE,,,,,
,,,,,FALSE,,,,,
,,,,,FALSE,,,,,
,,,,,FALSE,,,,,
,,,,,FALSE,,,,,
,,,,,FALSE,,,,,
,,,,,FALSE,,,,,
,,,,,FALSE,,,,,
,,,,,FALSE,,,,,
,,,,,FALSE,,,,,
,,,,,FALSE,,,,,
,,,,,FALSE,,,,,
,,,,,FALSE,,,,,
,,,,,FALSE,,,,,
,,,,,FALSE,,,,,
,,,,,FALSE,,,,,
,,,,,FALSE,,,,,
,,,,,FALSE,,,,,
,,,,,FALSE,,,,,
,,,,,FALSE,,,,,
,,,,,FALSE,,,,,
,,,,,FALSE,,,,,
,,,,,FALSE,,,,,
,,,,,FALSE,,,,,
,,,,,FALSE,,,,,
,,,,,FALSE,,,,,
,,,,,FALSE,,,,,
,,,,,FALSE,,,,,
,,,,,FALSE,,,,,
,,,,,FALSE,,,,,
,,,,,FALSE,,,,,
,,,,,FALSE,,,,,
,,,,,FALSE,,,,,
,,,,,FALSE,,,,,
,,,,,FALSE,,,,,
,,,,,FALSE,,,,,
,,,,,FALSE,,,,,
,,,,,FALSE,,,,,
,,,,,FALSE,,,,,
,,,,,FALSE,,,,,
,,,,,FALSE,,,,,
,,,,,FALSE,,,,,
,,,,,FALSE,,,,,
,,,,,FALSE,,,,,
,,,,,FALSE,,,,,
,,,,,FALSE,,,,,
,,,,,FALSE,,,,,
,,,,,FALSE,,,,,
,,,,,FALSE,,,,,
,,,,,FALSE,,,,,
,,,,,FALSE,,,,,
,,,,,FALSE,,,,,
,,,,,FALSE,,,,,
,,,,,FALSE,,,,,
,,,,,FALSE,,,,,
,,,,,FALSE,,,,,
,,,,,FALSE,,,,,
,,,,,FALSE,,,,,
,,,,,FALSE,,,,,
,,,,,FALSE,,,,,
,,,,,FALSE,,,,,
,,,,,FALSE,,,,,
,,,,,FALSE,,,,,
,,,,,FALSE,,,,,
,,,,,FALSE,,,,,
,,,,,FALSE,,,,,
,,,,,FALSE,,,,,
,,,,,FALSE,,,,,
,,,,,FALSE,,,,,
,,,,,FALSE,,,,,
,,,,,FALSE,,,,,
,,,,,FALSE,,,,,
,,,,,FALSE,,,,,
,,,,,FALSE,,,,,
,,,,,FALSE,,,,,
,,,,,FALSE,,,,,
,,,,,FALSE,,,,,
,,,,,FALSE,,,,,
,,,,,FALSE,,,,,
,,,,,FALSE,,,,,
,,,,,FALSE,,,,,
,,,,,FALSE,,,,,
,,,,,FALSE,,,,,
,,,,,FALSE,,,,,
,,,,,FALSE,,,,,
,,,,,FALSE,,,,,
,,,,,FALSE,,,,,
,,,,,FALSE,,,,,
,,,,,FALSE,,,,,
,,,,,FALSE,,,,,
,,,,,FALSE,,,,,
,,,,,FALSE,,,,,
,,,,,FALSE,,,,,
,,,,,FALSE,,,,,
,,,,,FALSE,,,,,
,,,,,FALSE,,,,,
,,,,,FALSE,,,,,
,,,,,FALSE,,,,,
,,,,,FALSE,,,,,
,,,,,FALSE,,,,,
,,,,,FALSE,,,,,
,,,,,FALSE,,,,,
,,,,,FALSE,,,,,
,,,,,FALSE,,,,,
,,,,,FALSE,,,,,
,,,,,FALSE,,,,,
,,,,,FALSE,,,,,