                              ,,,,,,,,,,,
,,,,,,,,,,,
Property,Who Will Pay,Date,Description,Vendor,Amount,Category,PAID,,,,
170 Glenn Way,Equity Track 8251,08/07/2025,Internet service for 170 Glenn Way - Equity Track,COMCAST / XFINITY,$323.69,,TRUE,,,Balance,Due
170 Glenn Way,Equity Track 8251,08/11/2025,Electric and gas utility bill for 170 Glenn Way - Equity Track,PG&E - 170 Glenn Way,$789.40,,TRUE,,170 Glenn Way,"$12,961.43","$1,670.11"
170 Glenn Way,Equity Track 8251,08/11/2025,Utility service fee - Equity Track,PG&E - 170 Glenn Way (Service Fee),$6.95,,TRUE,,2352 Menalto Ave,$108.87,$0.00
170 Glenn Way,Equity Track 8251,08/12/2025,Garbage Disposal - 170 Glenn Way - Equity Track,SOUTH BAYSIDE INDUSTRIES,$90.00,,TRUE,,519 Orizaba Ave,"$29,239.61",-$278.12
170 Glenn Way,Equity Track 8251,08/13/2025,Waste disposal for 170 Glenn Way - Equity Track,RECOLOGY SAN MATEO COUNTY,$92.64,,TRUE,,1202 Via Lucas,"$16,200.20",$0.00
709 Simpson Pl,Equity Track 8251,11/16/2025,Equity Track Inc – kitchen appliance purchase,Amazon,"$1,084.00","$1,084.00",TRUE,,1574 Jerrold Ave,"$21,558.23",$0.00
170 Glenn Way,Equity Track 8251,12/28/2025,Internet service bill (Comcast/Xfinity) - 170 Glenn Way,COMCAST CALIFORNIA REC,$333.85,,TRUE,,915 52nd St,"$3,549.99",$0.00
751 27th Ave,Prescott Relay,01/02/2026,THE HOME DEPOT for 751 27th Ave - Prescott Development,THE HOME DEPOT,$954.71,,TRUE,,751 27th Ave,"$36,114.16","$2,701.33"
751 27th Ave,Prescott Relay,01/12/2026,Home Depot - Prescott Development 751 27th Ave - Returns,Home Depot,($416.42),,TRUE,,7426 Mulholland Dr,$400.00,$0.00
751 27th Ave,Prescott Relay,01/12/2026,Home Depot - Prescott Development 751 27th Ave,Home Depot,$166.95,,TRUE,,819 South Mary Ave,-$184.60,$0.00
751 27th Ave,Prescott Relay,01/12/2026,Home Depot - Prescott Development 751 27th Ave,Home Depot,$247.91,,TRUE,,8227 Ney Ave,"$7,081.25",$0.00
751 27th Ave,Prescott Relay,01/13/2026,Home Depot - 751 27th Ave - Prescott Development,Home Depot,"$1,059.55",,TRUE,,100 Palm Ave,"$5,489.41",$448.56
751 27th Ave,Prescott Relay,01/14/2026,Home Depot - 751 27th Ave - Prescott Development,Home Depot,"$1,718.26",,TRUE,,820 28th St,"$7,905.00","$2,358.03"
751 27th Ave,Prescott Relay,01/16/2026,HOME DEPOT Refund 751 27th Prescott Development,Home Depot,($229.96),,TRUE,,,,
915 52nd St,Equity Track 8251,01/22/2026,Home Depot Refund for 915 52nd Street - Equity Track,Home Depot,($235.87),,TRUE,,,,
915 52nd St,Equity Track 8251,01/23/2026,Home Depot Refund for 915 52nd Street - Equity Track,Home Depot,($130.02),,TRUE,,,,
915 52nd St,Equity Track 8251,01/23/2026,Amazon Refund for 915 52nd Street - Equity Track,Lepatape 10 Pack 6-5/16 Inch Brushed Gold Cabinet Pulls Solid Zinc Alloy Gold Cabinet Handles - Brushed Brass Dresser Drawer Pulls for Kitchen Cabinet Hardware Zinc Alloy Handles,($34.39),,TRUE,,,,
915 52nd St,Equity Track 8251,01/23/2026,Amazon Refund for 915 52nd Street - Equity Track,"8 Inch Floating House Numbers for Outside Modern, Large Address Number Outdoor Metal House Numbers Matte Black Vertical Horizontal Aluminum Home Address Numbers 9, 8 Inch Black House Numbers For Outside Metal, Floating Large House Numbers Modern Address Numbers Floating Mount Flush Mount Aluminum Home Address Numbers 5",($46.15),,TRUE,,,,
170 Glenn Way,Equity Track 8251,02/07/2026,Utilities for 170 Glenn Way - Equity Track,COMCAST/ XFINITY,$326.97,,TRUE,,,,
2352 Menalto Ave,Equity Track 8251,02/07/2026,Utilities for 2352 Menalto Ave - Equity Track,COMCAST/ XFINITY,$71.24,,TRUE,,,,
1574 Jerrold Ave,Relay 5776,02/07/2026,Home Depot Materials/Supplies - 1574 Jerrold Ave - Equity Track,Home Depot,$943.13,,TRUE,,,,
1574 Jerrold Ave,Relay 5776,02/07/2026,Home Depot Materials/Supplies - 1574 Jerrold Ave - Equity Track,Home Depot,$381.85,,TRUE,,,,
1574 Jerrold Ave,Relay 5776,02/07/2026,,Home Depot,$1.00,,TRUE,,,,
255 Amber Dr,Equity Track 8251,02/18/2026,Home Depot Refund for 255 Amber Dr,Home Depot,($7.09),,TRUE,,,,
819 South Mary Ave,Equity Track 8251,02/18/2026,Home Depot Refund for 819 South Mary Ave,Home Depot,($184.60),,TRUE,,,,
751 27th Ave,Prescott Relay,02/18/2026,Home Depot Refund for 751 27th Ave ,Home Depot,($83.20),,TRUE,,,,
751 27th Ave,Prescott Relay,02/18/2026,Home Depot Refund for 751 27th Ave,Home Depot,($39.83),,TRUE,,,,
100 Palm Ave,Equity Track 8251,02/21/2026,,NUROPOD CITY OF INDUSTRY ,"$1,870.32",,TRUE,/,,,
100 Palm Ave,Equity Track 8251,02/22/2026,,AT&T ,$19.98,,TRUE,,,,
1574 Jerrold Ave,Relay 5776,02/23/2026,,Amazon,$167.47,,TRUE,,,,
1202 Via Lucas,Relay 5776,02/23/2026,,Amazon,$179.51,,TRUE,,,,
1202 Via Lucas,Relay 5776,02/23/2026,,Amazon,$196.23,,TRUE,,,,
1574 Jerrold Ave,Relay 5776,02/23/2026,,Amazon,$264.61,,TRUE,,,,
1202 Via Lucas,Relay 5776,02/23/2026,,Amazon,$317.01,,TRUE,,,,
1574 Jerrold Ave,Relay 5776,02/23/2026,,Amazon,$513.71,,TRUE,,,,
1202 Via Lucas,Relay 5776,02/23/2026,,Amazon,$654.67,,TRUE,,,,
1574 Jerrold Ave,Relay 5776,02/23/2026,,Amazon,"$1,051.21",,TRUE,,,,
1202 Via Lucas,Relay 5776,02/23/2026,,Amazon,"$1,670.14",,TRUE,,,,
1574 Jerrold Ave,Relay 5776,02/23/2026,,Amazon,"$1,726.39",,TRUE,,,,
1574 Jerrold Ave,Relay 5776,02/23/2026,,Amazon,$257.05,,TRUE,,,,
1202 Via Lucas,Relay 5776,02/23/2026,,Amazon,"$1,531.24",,TRUE,,,,
1202 Via Lucas,Relay 5776,02/23/2026,,Amazon,"$2,186.41",,TRUE,,,,
1574 Jerrold Ave,Relay 5776,02/23/2026,,Amazon,"$2,510.28",,TRUE,,,,
519 Orizaba Ave,Equity Track 8251,02/23/2026,,COMCAST / XFINITY,$49.60,,TRUE,,,,
519 Orizaba Ave,Equity Track 8251,02/23/2026,,COMCAST / XFINITY,$245.60,,TRUE,,,,
100 Palm Ave,Equity Track 8251,02/23/2026,,EZ PAY FEE PGE,$1.50,,TRUE,/,,,
1202 Via Lucas,Relay 5776,02/23/2026,,EZ PAY FEE PGE,$1.50,,TRUE,,,,
1202 Via Lucas,Relay 5776,02/23/2026,,PG&E,$6.78,,TRUE,,,,
100 Palm Ave,Equity Track 8251,02/23/2026,,PG&E,$613.65,,TRUE,/,,,
1574 Jerrold Ave,Relay 5776,02/23/2026,,WATER POWER SEWER,$365.14,,TRUE,,,,
1574 Jerrold Ave,Relay 5776,02/24/2026,,EZ PAY FEE PGE,$1.50,,TRUE,,,,
519 Orizaba Ave,Equity Track 8251,02/24/2026,,EZ PAY FEE PGE,$1.50,,TRUE,,164 Springdale Way,"$17,357.33",
1574 Jerrold Ave,Relay 5776,02/24/2026,,PG&E,$11.96,,TRUE,,,,
519 Orizaba Ave,Equity Track 8251,02/24/2026,,PG&E,$471.22,,TRUE,,1932 Chestnut Ave,"$10,495.74",
1202 Via Lucas,Relay 5776,02/24/2026,,SAFETY GARAGE DOOR ,$500.00,,TRUE,,,,
1574 Jerrold Ave,Relay 5776,02/25/2026,Fridge for 1574,HomeWise Appliance,"$1,054.94",,TRUE,,,,
1202 Via Lucas,Relay 5776,02/25/2026,Fridge for 1202,HomeWise Appliance,"$1,070.20",,TRUE,,,,
915 52nd St,Equity Track 8251,02/25/2026,,PG&E,$149.44,,TRUE,,,,
1574 Jerrold Ave,Relay 5776,02/26/2026,,Amazon,($3.77),,TRUE,,,,
1574 Jerrold Ave,Relay 5776,02/26/2026,,Amazon,($0.78),,TRUE,,,,
1574 Jerrold Ave,Relay 5776,02/26/2026,,Amazon,$49.21,,TRUE,,,,
1202 Via Lucas,Relay 5776,02/26/2026,,City Towing,$400.00,,TRUE,,,,
1202 Via Lucas,Relay 5776,02/26/2026,,SAFETY GARAGE DOOR ,"$1,800.00",,TRUE,,,,
1574 Jerrold Ave,Relay 5776,02/27/2026,,Amazon,($2.46),,TRUE,,,,
Split Properties,Equity Track 8251,02/27/2026,,Collective Genius,"$2,500.00",,TRUE,,,,
100 Palm Ave,Equity Track 8251,02/27/2026,,FASTRAK,$327.91,,TRUE,,,,
Split Properties,Equity Track 8251,02/27/2026,,FASTRAK,$580.00,,TRUE,,,,
170 Glenn Way,Equity Track 8251,02/28/2026,Electric and gas utility bill for 170 Glenn Way - Equity Track,COMCAST / XFINITY,$334.06,,TRUE,/,,,
1202 Via Lucas,Relay 5776,03/2/2026,,Mcdonalds,$10.51,,TRUE,,,,
1202 Via Lucas,Relay 5776,03/3/2026,,CHUCK'S DONUT,$3.25,,TRUE,,,,
1202 Via Lucas,Relay 5776,03/3/2026,,KABUL AFGHAN CUSINE. 0679,$29.62,,TRUE,,,,
1202 Via Lucas,Relay 5776,03/3/2026,,OMELETTE HOUSE,$19.10,,TRUE,,,,
1202 Via Lucas,Relay 5776,03/3/2026,,Paris Basan,$2.99,,TRUE,,,,
1574 Jerrold Ave,Equity Track 8251,03/4/2026,,Amazon,"-$1,726.39",,TRUE,,,,
1202 Via Lucas,Relay 5776,03/4/2026,,PEETS COFFEE TEA,$3.70,,TRUE,,,,
1202 Via Lucas,Relay 5776,03/4/2026,,Amazon,"-$2,186.41",,TRUE,,,,
1202 Via Lucas,Relay 5776,03/4/2026,,Amazon,"-$1,531.24",,TRUE,,,,
1932 Chestnut Ave,Equity Track 8251,03/05/2026,,Amazon,$172.73,,TRUE,,,,
1574 Jerrold Ave,Equity Track 8251,03/05/2026,,HOMEWISE APPLIANCE,"$1,380.81",,TRUE,,,,
709 Simpson Pl,Equity Track 8251,03/05/2026,,COMCAST / XFINITY ,-$12.86,,TRUE,,,,
915 52nd St,Equity Track 8251,03/05/2026,Flooring for 915 52nd St,Empire Today,"$3,573.63",,TRUE,/,,,
1202 Via Lucas,Relay 5776,03/05/2026,,Chucks Donuts,$19.99,,TRUE,,,,
1202 Via Lucas,Relay 5776,03/05/2026,,El Charrito Taqueria,$20.42,,TRUE,,,,
1202 Via Lucas,Relay 5776,03/05/2026,,Pets Coffee Tea,$11.80,,TRUE,,,,
1202 Via Lucas,Relay 5776,03/05/2026,,SHIKI - San Carlos,$52.55,,TRUE,,,,
1202 Via Lucas,Relay 5776,03/05/2026,,OPEN HOMES,$500.00,,TRUE,,,,
170 Glenn Way,Equity Track 8251,03/05/2026,Rent for 170 Glenn Way,PRT WILLIAMS BUSINESS,"$2,557.43",,TRUE,/,,,
1202 Via Lucas,Relay 5776,03/05/2026,,HOMEWISEDOCS.COM,$484.95,,TRUE,,,,
1932 Chestnut Ave,Equity Track 8251,03/05/2026,,AMAZON,"$3,916.16",,TRUE,,,,
8227 Ney Ave,Equity Track 8251,03/06/2026,,Homewise Appliance,"$1,390.11",,TRUE,/,,,
8227 Ney Ave,Equity Track 8251,03/06/2026,,Homewise Appliance,"-$1,390.11",,TRUE,/,,,
1932 Chestnut Ave,Equity Track 8251,03/06/2026,,AMAZON,$53.54,,TRUE,,,,
1932 Chestnut Ave,Equity Track 8251,03/06/2026,,AMAZON,$229.16,,TRUE,,,,
1932 Chestnut Ave,Equity Track 8251,03/06/2026,,CHUCKS DONUTS,$3.25,,TRUE,,,,
170 Glenn Way,Equity Track 8251,03/07/2026,,COMCAST/XFINITY,$326.97,,TRUE,,,,
1202 Via Lucas,Relay 5776,03/07/2026,,THE CHEESECAKE FACTORY RESTAUR,$31.31,,TRUE,,,,
1932 Chestnut Ave,Equity Track 8251,03/07/2026,,EL CHARRITO,$11.09,,TRUE,,,,
1932 Chestnut Ave,Equity Track 8251,03/07/2026,,THE CHEESECAKE FACTORY RESTAUR,$31.31,,TRUE,,,,
1932 Chestnut Ave,Equity Track 8251,03/07/2026,,AMAZON,($23.83),,TRUE,,,,
1932 Chestnut Ave,Equity Track 8251,03/07/2026,,AMAZON,($21.27),,TRUE,,,,
1932 Chestnut Ave,Equity Track 8251,03/07/2026,,AMAZON,($21.18),,TRUE,,,,
1932 Chestnut Ave,Equity Track 8251,03/07/2026,,AMAZON,($20.34),,TRUE,,,,
1932 Chestnut Ave,Equity Track 8251,03/07/2026,,AMAZON,($18.20),,TRUE,,,,
1932 Chestnut Ave,Equity Track 8251,03/07/2026,,AMAZON,($14.22),,TRUE,,,,
1932 Chestnut Ave,Equity Track 8251,03/07/2026,,AMAZON,($10.95),,TRUE,,,,
1932 Chestnut Ave,Equity Track 8251,03/07/2026,,AMAZON,($10.26),,TRUE,,,,
1932 Chestnut Ave,Equity Track 8251,03/07/2026,,AMAZON,($9.72),,TRUE,,,,
1932 Chestnut Ave,Equity Track 8251,03/07/2026,,AMAZON,($9.24),,TRUE,,,,
1932 Chestnut Ave,Equity Track 8251,03/07/2026,,AMAZON,($8.49),,TRUE,,,,
1932 Chestnut Ave,Equity Track 8251,03/07/2026,,AMAZON,($4.01),,TRUE,,,,
1932 Chestnut Ave,Equity Track 8251,03/07/2026,,AMAZON,($2.36),,TRUE,,,,
1932 Chestnut Ave,Equity Track 8251,03/07/2026,,AMAZON,($2.24),,TRUE,,,,
1932 Chestnut Ave,Equity Track 8251,03/07/2026,,AMAZON,($0.48),,TRUE,,,,
1932 Chestnut Ave,Equity Track 8251,03/08/2026,,HOME DEPOT,$359.58,,TRUE,,,,
1932 Chestnut Ave,Equity Track 8251,03/08/2026,,AMAZON,($5.76),,TRUE,,,,
1932 Chestnut Ave,Equity Track 8251,03/08/2026,,AMAZON,($2.24),,TRUE,,,,
1932 Chestnut Ave,Equity Track 8251,03/08/2026,, LEGO STORE,$274.05,,TRUE,,,,
820 28th St,Equity Track 8251,03/09/2026,,COMCAST / XFINITY,$185.16,,TRUE,,519 Orizaba Ave,"$26,313.02",
519 Orizaba Ave,Equity Track 8251,03/09/2026,,COMCAST / XFINITY,$260.60,,TRUE,,170 Glenn Way,$366.29,
915 52nd St,Equity Track 8251,03/09/2026,,EBMUD,$240.39,,TRUE,,,,
915 52nd St,Equity Track 8251,03/09/2026,,EZ-PAY FEEEBMUD,$3.50,,TRUE,,,,
915 52nd St,Equity Track 8251,03/09/2026,,EZ PAY FEE PGE,$1.50,,TRUE,/,,,
915 52nd St,Equity Track 8251,03/09/2026,Electric and gas utility bill for 915 52nd St,PG & E,$27.96,,TRUE,,,,
7426 Mulholland Dr,Equity Track 8251,03/10/2026,,EMPIRE TODAY,$400.00,,TRUE,,,,
1202 Via Lucas,Relay 5776,03/10/2026,,OMELETTE HOUSSAN,$9.52,,TRUE,,,,
1932 Chestnut Ave,Equity Track 8251,03/10/2026,,OMELETTE HOUSSAN,$9.53,,TRUE,,,,
1574 Jerrold Ave,Equity Track 8251,03/11/2026,,MOVING SERVICES,"$4,037.00",,TRUE,,,,
1202 Via Lucas,Relay 5776,03/11/2026,,TACO BELL,$11.25,,TRUE,,,,
1202 Via Lucas,Relay 5776,03/11/2026,,U-HAUL MOVING STORAGE OF THORN,$28.50,,TRUE,,,,
1202 Via Lucas,Relay 5776,03/11/2026,,CHUCK DONUTS ,$3.25,,TRUE,,,,
1932 Chestnut Ave,Equity Track 8251,03/11/2026,,TACO BELL,$11.14,,TRUE,,,,
1574 Jerrold Ave,Equity Track 8251,03/12/2026,,I HEART STAGING,"$3,424.00",,TRUE,,,,
1202 Via Lucas,Relay 5776,03/12/2026,,I HEART STAGING,"$3,424.00",,TRUE,,,,
340 Vallejo Dr,Equity Track 8251,03/13/2026,,EZ PAY FEE PGE,$1.50,,TRUE,,,,
164 Springdale Way,Equity Track 8251,03/13/2026,,STERLING FAIRHOLM DBA RELIANCE,"$16,666.56",,TRUE,,,,
340 Vallejo Dr,Equity Track 8251,03/13/2026,,PG & E,$761.34,,TRUE,,,,
1202 Via Lucas,Relay 5776,03/13/2026,,EL CHARRITO TAQUERIA,$25.45,,TRUE,,,,
1202 Via Lucas,Relay 5776,03/13/2026,,IN-N-OUT BURGER,$14.38,,TRUE,,,,
1202 Via Lucas,Relay 5776,03/13/2026,,PEETS COFFEE TEA,$3.70,,TRUE,,,,
1932 Chestnut Ave,Equity Track 8251,03/13/2026,,EL CHARRITO TAQUERIA,$25.46,,TRUE,,,,
1932 Chestnut Ave,Equity Track 8251,03/13/2026,,IN-N-OUT BURGER,$14.39,,TRUE,,,,
1202 Via Lucas,Relay 5776,03/14/2026,,AplPay NYX=833632277 HUNT VALLEY MD,$15.03,,TRUE,,,,
1202 Via Lucas,Relay 5776,03/14/2026,,QUE ONDA TACO BAR,$9.16,,TRUE,,,,
1202 Via Lucas,Relay 5776,03/14/2026,,STARBUCKS,$2.95,,TRUE,,,,
1932 Chestnut Ave,Equity Track 8251,03/14/2026,,AplPay NYX=833632277 HUNT VALLEY MD,$15.04,,TRUE,,,,
1932 Chestnut Ave,Equity Track 8251,03/14/2026,,QUE ONDA TACO BAR,$9.17,,TRUE,,,,
17221 Via Lucas,Equity Track 8251,03/15/2026,,THE HOME DEPOT,($123.59),,TRUE,,,,
1202 Via Lucas,Relay 5776,03/15/2026,,7-ELEVEN STOREONLY,$3.59,,TRUE,,,,
1202 Via Lucas,Relay 5776,03/15/2026,,TOWN RESTAURANT,$39.52,,TRUE,,,,
1932 Chestnut Ave,Equity Track 8251,03/15/2026,,TOWN RESTAURANT,$39.53,,TRUE,,,,
1574 Jerrold Ave,Equity Track 8251,03/16/2026,,EZ PAY FEE PGE,$1.50,,TRUE,,,,
1574 Jerrold Ave,Equity Track 8251,03/16/2026,,PG & E,$41.87,,TRUE,,,,
170 Glenn Way,Equity Track 8251,03/16/2026,,PG & E,$729.47,,TRUE,,,,
170 Glenn Way,Equity Track 8251,03/16/2026,,EZ PAY FEE PGE,$6.95,,TRUE,,,,
1202 Via Lucas,Relay 5776,03/16/2026,,IN-N-OUT BURGER,$8.80,,TRUE,,,,
1202 Via Lucas,Relay 5776,03/16/2026,,PEETS COFFEE TEA,$3.70,,TRUE,,,,
1202 Via Lucas,Relay 5776,03/16/2026,,SUSHI MONSTER,$24.56,,TRUE,,,,
1932 Chestnut Ave,Equity Track 8251,03/16/2026,,IN-N-OUT BURGER,$8.81,,TRUE,,,,
1932 Chestnut Ave,Equity Track 8251,03/16/2026,,SUSHI MONSTER,$24.56,,TRUE,,,,
2352 Menalto Ave,Equity Track 8251,03/17/2026,,EZ PAY FEE PGE,$1.50,,TRUE,,,,
820 28th St,Equity Track 8251,03/17/2026,,EZ PAY FEE PGE,$6.95,,TRUE,,,,
820 28th St,Equity Track 8251,03/17/2026,,PG & E,$10.60,,TRUE,,,,
2352 Menalto Ave,Equity Track 8251,03/17/2026,,PG & E,$36.13,,TRUE,,,,
1202 Via Lucas,Relay 5776,03/17/2026,,7-ELEVEN ,$7.93,,TRUE,,,,
1202 Via Lucas,Relay 5776,03/17/2026,,OMELETTE HOUSE,$11.02,,TRUE,,,,
1932 Chestnut Ave,Equity Track 8251,03/17/2026,,7-ELEVEN ,$7.93,,TRUE,,,,
1202 Via Lucas,Equity Track 8251,03/17/2026,,OMELETTE HOUSE ,$11.02,,TRUE,,,,
1932 Chestnut Ave,Equity Track 8251,03/17/2026,,OMELETTE HOUSE ,$11.03,,TRUE,,,,
1202 Via Lucas,Relay 5776,03/18/2026,,PEET'S SAN CARLOS ,$3.80,,TRUE,,,,
1202 Via Lucas,Relay 5776,03/18/2026,,SUSHI MONSTER ,$42.82,,TRUE,,,,
1932 Chestnut Ave,Equity Track 8251,03/18/2026,,SUSHI MONSTER ,$42.82,,TRUE,,,,
519 Orizaba Ave,Equity Track 8251,03/19/2026,,EZ PAY FEE PGE,$1.50,,TRUE,,820 28th St,"$5,546.97",
519 Orizaba Ave,Equity Track 8251,03/19/2026,,PG&E,$266.90,,TRUE,,,,
751 27th Ave,Prescott Relay,03/19/2026,,U-HAUL MOVING STORAGE OF BELMO,$20.45,,TRUE,,,,
751 27th Ave,Prescott Relay,03/19/2026,,U-HAUL MOVING STORAGE OF BELMO,$141.92,,TRUE,,,,
1202 Via Lucas,Relay 5776,03/19/2026,,OMELETTE HOUSE ,$18.85,,TRUE,,,,
1202 Via Lucas,Relay 5776,03/19/2026,,WENDYS,$6.75,,TRUE,,,,
1932 Chestnut Ave,Equity Track 8251,03/19/2026,,AMAZON,$302.52,,TRUE,,,,
1932 Chestnut Ave,Equity Track 8251,03/19/2026,,AMAZON,$319.35,,TRUE,,,,
1932 Chestnut Ave,Equity Track 8251,03/19/2026,,OMELETTE HOUSE ,$18.85,,TRUE,,,,
1932 Chestnut Ave,Equity Track 8251,03/19/2026,,PEETS COFFEE TEA,$4.25,,TRUE,,,,
1932 Chestnut Ave,Equity Track 8251,03/19/2026,,WENDYS,$6.75,,TRUE,,,,
1932 Chestnut Ave,Equity Track 8251,03/20/2026,,MOLLIE STONES,$15.31,,TRUE,,,,
1932 Chestnut Ave,Equity Track 8251,03/20/2026,,PEETS COFFEE TEA,$3.80,,TRUE,,,,
1202 Via Lucas,Relay 5776,03/22/2026,,BROILER EXPRESS,$8.63,,TRUE,,,,
1202 Via Lucas,Relay 5776,03/22/2026,,PEETS COFFEE,$3.65,,TRUE,,,,
1932 Chestnut Ave,Equity Track 8251,03/22/2026,,BROILER EXPRESS,$8.62,,TRUE,,,,
1932 Chestnut Ave,Equity Track 8251,03/23/2026,,THE VILLAGE BAKERY CAFE,$49.83,,TRUE,,,,
1932 Chestnut Ave,Equity Track 8251,03/24/2026,,SAN CARLOS DONUT,$7.20,,TRUE,,,,
490 South Ct,Equity Track 8251,03/24/2026,,RECOLOGY,$111.47,,TRUE,,,,
1932 Chestnut Ave,Equity Track 8251,03/25/2026,,CHIPOTLE,$16.98,,TRUE,,,,
1202 Via Lucas,Relay 5776,03/25/2026,,CHIPOTLE,$16.97,,TRUE,,,,
1932 Chestnut Ave,Equity Track 8251,03/25/2026,,PEETS COFFEE TEA,$3.80,,TRUE,,,,
751 27th Ave,Prescott Relay,03/25/2026,,CDD BUILDINGPLANNING,$289.37,,TRUE,,,,
751 27th Ave,Prescott Relay,03/25/2026,,TF S CA SAN MATEO EPL,$10.56,,TRUE,,,,
8227 Ney Ave,Equity Track 8251,03/26/2026,,ONTRACK MOVING,$154.50,,TRUE,,,,
1574 Jerrold Ave,Equity Track 8251,03/26/2026,,CITY-WIDE INSULATION,$575.00,,TRUE,,,,
1574 Jerrold Ave,Equity Track 8251,03/26/2026,,SWEET SUSTAINABLE SOLUTIONS,$325.00,,TRUE,,,,
1574 Jerrold Ave,Equity Track 8251,03/26/2026,,CITY-WIDE INSULATION,$575.00,,TRUE,,,,
1574 Jerrold Ave,Equity Track 8251,03/26/2026,,ONTRACK MOVING,$154.50,,TRUE,,,,
1574 Jerrold Ave,Equity Track 8251,03/26/2026,,SWEET SUSTAINABLE SOLUTIONS,$325.00,,TRUE,,,,
100 Palm Ave,Equity Track 8251,03/27/2026,,Comcast / Xfinity,$327.91,,TRUE,,,,
170 Glenn Way,Equity Track 8251,03/28/2026,,Comcast / Xfinity,$334.06,,TRUE,,,,
751 27th Ave,Prescott Relay,03/31/2026,,Home Depot,$651.27,,TRUE,,,,
164 Springdale Way,Equity Track 8251,04/01/2026,Receipt,LYNGSO GARDEN MATERIALS,"$1,049.45",,TRUE,,,,
164 Springdale Way,Equity Track 8251,04/02/2026,Receipt,LYNGSO GARDEN MATERIALS,$363.54,,TRUE,,,,
8227 Ney Ave,Equity Track 8251,04/02/2026,Receipt,ONTRACK MOVING,"$3,708.00",,TRUE,,,,
1202 Via Lucas,Relay 5776,04/02/2026,Receipt,Empire Today,"$3,112.36",,TRUE,,,,
8227 Ney Ave,Equity Track 8251,04/03/2026,Receipt,ONTRACK MOVING,"$3,218.75",,TRUE,,,,
1932 Chestnut Ave,Equity Track 8251,04/04/2026,Receipt,CLARKS HAUL GO,$715.00,,TRUE,,,,
164 Springdale Way,Equity Track 8251,04/07/2026,Receipt,LYNGSO GARDEN MATERIALS,$364.98,,TRUE,,,,
170 Glenn Way,Equity Track 8251,04/07/2026,,Comcast / Xfinity,$326.97,,TRUE,,,,
164 Springdale Way,Equity Track 8251,04/09/2026,,AMAZON MARKEPLACE NA PA,$643.73,,TRUE,,,,
164 Springdale Way,Equity Track 8251,04/10/2026,,LYNGSO GARDEN MATERIALS,$524.73,,TRUE,,,,
164 Springdale Way,Equity Track 8251,04/10/2026,,LYNGSO GARDEN MATERIALS,$359.18,,TRUE,,,,
164 Springdale Way,Equity Track 8251,04/10/2026,,LYNGSO GARDEN MATERIALS,$264.65,,TRUE,,,,
164 Springdale Way,Equity Track 8251,04/10/2026,,LYNGSO GARDEN MATERIALS,$181.77,,TRUE,,,,
164 Springdale Way,Equity Track 8251,04/11/2026,,AMAZON MARKEPLACE NA PA,$690.77,,TRUE,,,,
164 Springdale Way,Equity Track 8251,04/11/2026,,AMAZON MARKEPLACE NA PA,$690.77,,TRUE,,,,
164 Springdale Way,Equity Track 8251,04/13/2026,,LYNGSO GARDEN MATERIALS,$419.78,,TRUE,,,,
170 Glenn Way,Equity Track 8251,04/13/2026,Receipt,PACIFIC GAS AND ELECTRIC,$684.03,,TRUE,,,,
170 Glenn Way,Equity Track 8251,04/13/2026,Receipt,PACIFIC GAS AND ELECTRIC FEE,$6.95,,TRUE,,,,
164 Springdale Way,Equity Track 8251,04/14/2026,,AMAZON MARKEPLACE NA PA,$347.69,,TRUE,,,,
164 Springdale Way,Equity Track 8251,04/14/2026,,THE HOME DEPOT,$239.53,,TRUE,,,,
519 Orizaba Ave,Equity Track 8251,04/15/2026,Receipt,SF WATER POWER SEWERSAN FRANCISCO CA,$132.18,,TRUE,,,,
820 28th St,Equity Track 8251,04/15/2026,Receipt,PACIFIC GAS AND ELECWEST SACRAMENTO CA,$11.31,,TRUE,,,,
820 28th St,Equity Track 8251,04/15/2026,Receipt,EZ PAY FEE PGE PISCATAWAY NJ,$6.95,,TRUE,,,,
164 Springdale Way,Equity Track 8251,04/18/2026,,OPEN HOMES,$600.00,,TRUE,,,,
519 Orizaba Ave,Equity Track 8251,04/18/2026,,COMCAST,$245.60,,TRUE,,,,
164 Springdale Way,Equity Track 8251,,,,$239.50,,FALSE,,,,
1202 Via Lucas,Equity Track 8251,04/18/2026,,EBMUD,$136.20,,TRUE,,,,
1202 Via Lucas,Equity Track 8251,04/18/2026,,EBMUD FEE,$3.50,,TRUE,,,,
519 Orizaba Ave,Equity Track 8251,04/20/2026,,LYNGSO GARDEN MATERIALS,$524.73,,TRUE,,,,
1932 Chestnut Ave,Equity Track 8251,04/20/2026,,I HEART STAGING,"$3,300.00",,TRUE,,,,
164 Springdale Way,Equity Track 8251,04/22/2026,,RED SHIELD INSPECTIONS,$830.56,,TRUE,,,,
1574 Jerrold Ave,Equity Track 8251,04/23/2026,,EMPIRE TODAY,"$3,066.27",,TRUE,,,,
164 Springdale Way,Equity Track 8251,04/24/2026,,PACIFIC GAS AND ELECWEST SACRAMENTO CA,$158.98,,TRUE,,,,
164 Springdale Way,Equity Track 8251,04/24/2026,,EZ PAY FEE PGE PISCATAWAY NJ,$1.50,,TRUE,,,,
100 Palm Ave,Equity Track 8251,04/27/2026,,Comcast / Xfinity,$327.91,,TRUE,,,,
170 Glenn Way,Equity Track 8251,04/28/2026,,Comcast / Xfinity,$336.02,,TRUE,,,,
519 Orizaba Ave,Equity Track 8251,04/30/2026,,AMAZON MARKEPLACE NA PA,"$2,617.94",,TRUE,,,,
519 Orizaba Ave,Equity Track 8251,04/30/2026,,AMAZON MARKEPLACE NA PA,$175.03,,TRUE,,,,
519 Orizaba Ave,Equity Track 8251,04/30/2026,,A3 TILE,"$3,120.09",,TRUE,,,,
519 Orizaba Ave,Equity Track 8251,05/02/2026,,AMAZON MARKEPLACE NA PA,$290.34,,TRUE,,,,
519 Orizaba Ave,Equity Track 8251,05/02/2026,,AMAZON MARKEPLACE NA PA,$102.87,,TRUE,,,,
519 Orizaba Ave,Equity Track 8251,05/03/2026,,AMAZON MARKEPLACE NA PA,-$10.98,,TRUE,,,,
519 Orizaba Ave,Equity Track 8251,05/03/2026,,AMAZON MARKEPLACE NA PA,($1.40),,TRUE,,,,
519 Orizaba Ave,Equity Track 8251,05/03/2026,,AMAZON MARKEPLACE NA PA,($2.15),,TRUE,,,,
519 Orizaba Ave,Equity Track 8251,05/03/2026,,AMAZON MARKEPLACE NA PA,($2.23),,TRUE,,,,
519 Orizaba Ave,Equity Track 8251,05/03/2026,,AMAZON MARKEPLACE NA PA,($2.56),,TRUE,,,,
519 Orizaba Ave,Equity Track 8251,05/03/2026,,AMAZON MARKEPLACE NA PA,($2.79),,TRUE,,,,
519 Orizaba Ave,Equity Track 8251,05/03/2026,,AMAZON MARKEPLACE NA PA,($2.79),,TRUE,,,,
519 Orizaba Ave,Equity Track 8251,05/03/2026,,AMAZON MARKEPLACE NA PA,($3.06),,TRUE,,,,
519 Orizaba Ave,Equity Track 8251,05/03/2026,,AMAZON MARKEPLACE NA PA,($6.39),,TRUE,,,,
519 Orizaba Ave,Equity Track 8251,05/03/2026,,AMAZON MARKEPLACE NA PA,($8.90),,TRUE,,,,
519 Orizaba Ave,Equity Track 8251,05/03/2026,,AMAZON MARKEPLACE NA PA,($14.08),,TRUE,,,,
519 Orizaba Ave,Equity Track 8251,05/03/2026,,AMAZON MARKEPLACE NA PA,($16.23),,TRUE,,,,
519 Orizaba Ave,Equity Track 8251,05/03/2026,,AMAZON MARKEPLACE NA PA,($19.00),,TRUE,,,,
519 Orizaba Ave,Equity Track 8251,05/03/2026,,AMAZON MARKEPLACE NA PA,($21.75),,TRUE,,,,
519 Orizaba Ave,Equity Track 8251,05/03/2026,,AMAZON MARKEPLACE NA PA,($22.27),,TRUE,,,,
1932 Chestnut Ave,Equity Track 8251,05/04/2026,,THE HOME DEPOT,"$2,853.25",,TRUE,,,,
1932 Chestnut Ave,Equity Track 8251,05/04/2026,,THE HOME DEPOT,$316.52,,TRUE,,,,
1932 Chestnut Ave,Equity Track 8251,05/06/2026,,THE HOME DEPOT,$388.45,,TRUE,,,,
1932 Chestnut Ave,Equity Track 8251,05/06/2026,,THE HOME DEPOT,$540.85,,TRUE,,,,
170 Glenn Way,Equity Track 8251,05/07/2026,,Comcast / Xfinity,$326.97,,TRUE,,,,
519 Orizaba Ave,Equity Track 8251,05/07/2026,,THE HOME DEPOT,"$1,177.62",,TRUE,,,,
519 Orizaba Ave,Equity Track 8251,05/08/2026,,A3 TILE,"$1,289.18",,TRUE,,,,
519 Orizaba Ave,Equity Track 8251,05/08/2026,,AMAZON MARKEPLACE NA PA,$172.85,,TRUE,,,,
519 Orizaba Ave,Equity Track 8251,05/08/2026,,AMAZON MARKEPLACE NA PA,$102.55,,TRUE,,,,
519 Orizaba Ave,Equity Track 8251,05/11/2026,,FACTORY DIRECT FLOOR,"$3,816.56",,TRUE,,,,
519 Orizaba Ave,Equity Track 8251,05/11/2026,,MICHAEL C ADAMS INSURANC,"$5,963.00",,TRUE,,,,
1932 Chestnut Ave,Equity Track 8251,05/12/2026,,CALVIEW PROPERTY INSPECTIONS,$500.00,,TRUE,,,,
519 Orizaba Ave,Equity Track 8251,05/12/2026,,Home Depot,$55.68,,TRUE,,,,
519 Orizaba Ave,Equity Track 8251,05/12/2026,,Home Depot,$353.27,,TRUE,,,,
519 Orizaba Ave,Equity Track 8251,05/13/2026,,THE HOME DEPOT,$121.58,,TRUE,,,,
519 Orizaba Ave,Equity Track 8251,05/13/2026,,THE HOME DEPOT,$210.39,,TRUE,,,,
519 Orizaba Ave,Equity Track 8251,05/13/2026,,AMAZON MARKEPLACE NA PA,$533.71,,TRUE,,,,
519 Orizaba Ave,Equity Track 8251,05/13/2026,,AMAZON MARKEPLACE NA PA,$92.78,,TRUE,,,,
519 Orizaba Ave,Equity Track 8251,05/13/2026,,AMAZON MARKEPLACE NA PA,$74.89,,TRUE,,,,
519 Orizaba Ave,Equity Track 8251,05/13/2026,,FAUCETORSINK,$623.96,,TRUE,,,,
1932 Chestnut Ave,Equity Track 8251,05/13/2026,,OPEN HOMES,$500.00,,TRUE,,,,
1932 Chestnut Ave,Equity Track 8251,05/14/2026,,EMPIRE TODAY,"$1,859.42",,TRUE,,,,
100 Palm Ave,Equity Track 8251,05/14/2026,,EZ PAY FEE PGE,$1.50,,TRUE,,,,
519 Orizaba Ave,Equity Track 8251,05/14/2026,,EZ PAY FEE PGE,$1.50,,TRUE,,,,
100 Palm Ave,Equity Track 8251,05/14/2026,,PACIFIC GAS ELECTRIC COMPANY,$401.10,,TRUE,,,,
519 Orizaba Ave,Equity Track 8251,05/14/2026,,PACIFIC GAS ELECTRIC COMPANY,$201.41,,TRUE,,,,
519 Orizaba Ave,Equity Track 8251,05/14/2026,,AMAZON MARKEPLACE NA PA,"$1,108.86",,TRUE,,,,
519 Orizaba Ave,Equity Track 8251,05/14/2026,,AMAZON MARKEPLACE NA PA,$203.43,,TRUE,,,,
519 Orizaba Ave,Equity Track 8251,05/14/2026,,AMAZON MARKEPLACE NA PA,$195.48,,TRUE,,,,
170 Glenn Way,Equity Track 8251,05/15/2026,,PACIFIC GAS AND ELECTRIC,$544.72,,TRUE,,,,
519 Orizaba Ave,Equity Track 8251,05/15/2026,,AMAZONCOM,$180.47,,TRUE,,,,
170 Glenn Way,Equity Track 8251,05/15/2026,,PG&E/EZ-PAY FEE 800-766-6616 NJ,$6.95,,TRUE,,,,
519 Orizaba Ave,Equity Track 8251,05/15/2026,,Oceanpayment*faucetoHK HK,($623.96),,TRUE,,,,
1090 Central Blvd,Equity Track 8251,05/15/2026,,MICHAEL C ADAMS INSURANCE,$372.00,,TRUE,,,,
519 Orizaba Ave,Equity Track 8251,05/16/2026,,AMAZONCOM,$52.08,,TRUE,,,,
519 Orizaba Ave,Equity Track 8251,05/18/2026,,THE HOME DEPOT,$432.43,,TRUE,,,,
519 Orizaba Ave,Equity Track 8251,05/18/2026,,AMAZON MARKEPLACE NA PA,$202.03,,TRUE,,,,
519 Orizaba Ave,Equity Track 8251,05/18/2026,,AMAZON MARKEPLACE NA PA,$175.96,,TRUE,,,,
519 Orizaba Ave,Equity Track 8251,05/18/2026,,AMAZON MARKEPLACE NA PA,$30.36,,TRUE,,,,
519 Orizaba Ave,Equity Track 8251,05/19/2026,,AMAZON MARKEPLACE NA PA,$259.61,,TRUE,,,,
519 Orizaba Ave,Equity Track 8251,05/19/2026,,AMAZON MARKEPLACE NA PA,$259.61,,TRUE,,,,
816 22nd St,Equity Track 8251,05/19/2026,,PACIFIC GAS ELECTRIC COMPANY,$238.63,,TRUE,,,,
816 22nd St,Equity Track 8251,05/19/2026,,EZ PAY FEE PGE,$1.50,,TRUE,,,,
1574 Jerrold Ave,Equity Track 8251,05/19/2026,,PACIFIC GAS ELECTRIC COMPANY,$84.73,,TRUE,,,,
1574 Jerrold Ave,Equity Track 8251,05/19/2026,,EZ PAY FEE PGE,$1.50,,TRUE,,,,
1932 Chestnut Ave,Equity Track 8251,05/19/2026,,PACIFIC GAS ELECTRIC COMPANY,$20.75,,TRUE,,,,
1932 Chestnut Ave,Equity Track 8251,05/19/2026,,EZ PAY FEE PGE,$1.50,,TRUE,,,,
519 Orizaba Ave,Equity Track 8251,05/19/2026,,Home Depot,$180.35,,TRUE,,,,
519 Orizaba Ave,Equity Track 8251,05/21/2026,,THE HOME DEPOT,$175.65,,TRUE,,,,
519 Orizaba Ave,Equity Track 8251,05/21/2026,,THE HOME DEPOT,$27.47,,TRUE,,,,
519 Orizaba Ave,Equity Track 8251,05/21/2026,,THE HOME DEPOT,$49.44,,TRUE,,,,
519 Orizaba Ave,Equity Track 8251,05/22/2026,,AMAZON MARKEPLACE NA PA,$144.36,,TRUE,,,,
519 Orizaba Ave,Equity Track 8251,05/22/2026,,THE HOME DEPOT,($145.20),,TRUE,,,,
519 Orizaba Ave,Equity Track 8251,05/22/2026,,THE HOME DEPOT,($79.18),,TRUE,,,,
519 Orizaba Ave,Equity Track 8251,05/22/2026,,THE HOME DEPOT,($129.82),,TRUE,,,,
519 Orizaba Ave,Equity Track 8251,05/22/2026,,THE HOME DEPOT,($139.02),,TRUE,,,,
751 27th Ave,Prescott Relay,05/23/2026,,THE HOME DEPOT,$704.89,,TRUE,,,,
751 27th Ave,Prescott Relay,05/23/2026,,THE HOME DEPOT,$383.29,,TRUE,,,,
519 Orizaba Ave,Equity Track 8251,05/26/2026,,CCSF SERVICE FEE,$7.59,,TRUE,,,,
519 Orizaba Ave,Equity Track 8251,05/26/2026,,SF DEPT BLDG INSP,$303.75,,TRUE,,,,
519 Orizaba Ave,Equity Track 8251,05/26/2026,,OPEN HOMES,$350.00,,TRUE,,,,
751 27th Ave,Prescott Relay,05/26/2026,,THE HOME DEPOT,$117.89,,TRUE,,,,
751 27th Ave,Prescott Relay,05/26/2026,,THE HOME DEPOT,$765.84,,TRUE,,,,
100 Palm Ave,Equity Track 8251,05/27/2026,,Comcast / Xfinity,$327.91,,TRUE,,,,
820 28th St,Equity Track 8251,05/27/2026,,Michael C Adams Insurance,"$5,326.00",,TRUE,,,,
519 Orizaba Ave,Equity Track 8251,05/27/2026,,SF DEPT BLDG INSP,$303.75,,TRUE,,,,
519 Orizaba Ave,Equity Track 8251,05/27/2026,,CCSF Servcice Fee,$7.59,,TRUE,,,,
519 Orizaba Ave,Equity Track 8251,05/27/2026,,SF WATER POWER SEWERSAN FRANCISCO CA,$66.84,,TRUE,,,,
170 Glenn Way,Equity Track 8251,05/28/2026,,Comcast / Xfinity,$366.29,,TRUE,,,,
519 Orizaba Ave,Equity Track 8251,05/29/2026,,BAHI INC,$878.38,,TRUE,,,,
170 Glenn Way,Equity Track 8251,06/07/2026,,Comcast / Xfinity,$356.97,,TRUE,,,,
1782,Equity Track 8251,06/08/2026,,PACIFIC GAS ELECTRIC COMPANY,$779.32,,TRUE,,,,
100 Palm Ave,Equity Track 8251,06/08/2026,,PACIFIC GAS ELECTRIC COMPANY,$491.75,,TRUE,,,,
1932 Chestnut Ave,Equity Track 8251,06/08/2026,,PACIFIC GAS ELECTRIC COMPANY,$49.13,,TRUE,,,,
1782,Equity Track 8251,06/08/2026,,EZ PAY FEE PGE,$1.50,,TRUE,,,,
1932 Chestnut Ave,Equity Track 8251,06/08/2026,,EZ PAY FEE PGE,$1.50,,TRUE,,,,
100 Palm Ave,Equity Track 8251,06/08/2026,,EZ PAY FEE PGE,$1.50,,TRUE,,,,
164 Springdale Way,Equity Track 8251,06/09/2026,,LASKY TRADE PRINTING,$28.44,,TRUE,,,,
164 Springdale Way,Equity Track 8251,06/10/2026,,WOODSIDE FI,$498.03,,TRUE,,,,
751 27th Ave,Prescott Relay,06/10/2026,,IKEA.COM BALTIMORE MD,$450.09,,TRUE,,,,
751 27th Ave,Prescott Relay,06/11/2026,,Wayfair 866-263-8325 MA,$29.00,,TRUE,,,,
751 27th Ave,Prescott Relay,06/11/2026,,FERGUSON HOME,$483.24,,TRUE,,,,
751 27th Ave,Prescott Relay,06/12/2026,,BUILD.COM CHICO CA,$483.24,,TRUE,,,,
170 Glenn Way,Equity Track 8251,06/15/2026,,PACIFIC GAS AND ELECTRIC,$470.51,,TRUE,,,,
170 Glenn Way,Equity Track 8251,06/15/2026,,PG&E/EZ-PAY FEE 800-766-6616 NJ,$6.95,,TRUE,,,,
164 Springdale Way,Equity Track 8251,06/15/2026,,GRANTIEROCK,"$2,114.09",,TRUE,,,,
164 Springdale Way,Equity Track 8251,06/16/2026,,LASKY TRADE PRINTING,$44.33,,TRUE,,,,
164 Springdale Way,Equity Track 8251,06/16/2026,,HANK MODENA CONCRETE PUMPING,"$1,599.00",,TRUE,,,,
164 Springdale Way,Equity Track 8251,06/16/2026,,THE HOME DEPOT SAN CARLOS CA,$488.21,,TRUE,,,,
164 Springdale Way,Equity Track 8251,06/17/2026,,THE HOME DEPOT SAN CARLOS CA,$541.70,,TRUE,,,,
519 Orizaba Ave,Equity Track 8251,06/18/2026,,EZ PAY FEE PGE PISCATAWAY NJ,$1.50,,TRUE,,,,
519 Orizaba Ave,Equity Track 8251,06/18/2026,,PACIFIC GAS AND ELECWEST SACRAMENTO CA,$478.27,,TRUE,,,,
164 Springdale Way,Equity Track 8251,06/18/2026,,AMAZON MARKETPLACE NAMZN.COM/BILL WA,($21.86),,TRUE,,,,
164 Springdale Way,Equity Track 8251,06/18/2026,,AMAZON MARKETPLACE NAMZN.COM/BILL WA,($50.79),,TRUE,,,,
519 Orizaba Ave,Equity Track 8251,06/18/2026,,AMAZON MARKETPLACE NAMZN.COM/BILL WA,($144.36),,TRUE,,,,
164 Springdale Way,Equity Track 8251,06/18/2026,,AMAZON MARKETPLACE NAMZN.COM/BILL WA,($152.38),,TRUE,,,,
164 Springdale Way,Equity Track 8251,06/18/2026,,AMAZON MARKETPLACE NAMZN.COM/BILL WA,($155.67),,TRUE,,,,
751 27th Ave,Prescott Relay,06/18/2026,,THE HOME DEPOT,$279.92,,TRUE,,,,
164 Springdale Way,Equity Track 8251,06/18/2026,,THE HOME DEPOT,$92.38,,TRUE,,,,
164 Springdale Way,Equity Track 8251,06/18/2026,,THE HOME DEPOT,$47.26,,TRUE,,,,
164 Springdale Way,Equity Track 8251,06/19/2026,,THE HOME DEPOT,$87.79,,TRUE,,,,
164 Springdale Way,Equity Track 8251,06/19/2026,,THE HOME DEPOT,$23.63,,TRUE,,,,
164 Springdale Way,Equity Track 8251,06/19/2026,,THE HOME DEPOT,($107.34),,TRUE,,,,
751 27th Ave,Prescott Relay,06/20/2026,,THE HOME DEPOT SAN CARLOS CA,$683.46,,TRUE,,,,
164 Springdale Way,Equity Track 8251,06/22/2026,,PACIFIC GAS AND ELECWEST SACRAMENTO CA,$184.30,,TRUE,,,,
164 Springdale Way,Equity Track 8251,06/22/2026,,EZ PAY FEE PGE PISCATAWAY NJ,$1.50,,TRUE,,,,
164 Springdale Way,Equity Track 8251,06/22/2026,,AMAZON MARKETPLACE NAMZN.COM/BILL WA,($196.62),,TRUE,,,,
164 Springdale Way,Equity Track 8251,06/22/2026,,AMAZON MARKETPLACE NAMZN.COM/BILL WA,($294.93),,TRUE,,,,
751 27th Ave,Prescott Relay,06/23/2026,,LYNGSO GARDEN MATERIALS,$424.16,,TRUE,,,,
751 27th Ave,Prescott Relay,06/23/2026,,AMAZON MARKEPLACE NA PA,$89.00,,TRUE,,,,
751 27th Ave,Prescott Relay,06/23/2026,,THE HOME DEPOT,$352.15,,TRUE,,,,
3439 Oak Knoll,Equity Track 8251,06/23/2026,,THE HOME DEPOT,$85.32,,TRUE,,,,
751 27th Ave,Prescott Relay,06/23/2026,,AMAZON MARKEPLACE NA PA,$89.00,,TRUE,,,,
519 Orizaba Ave,Equity Track 8251,06/23/2026,,ALL NATURAL STONE,$248.51,,TRUE,,,,
3439 Oak Knoll,Equity Track 8251,06/23/2026,,THE HOME DEPOT,$85.32,,TRUE,,,,
751 27th Ave,Prescott Relay,06/24/2026,,THE HOME DEPOT,$403.59,,TRUE,,,,
751 27th Ave,Prescott Relay,06/24/2026,,FERGUSON HOME,$453.74,,TRUE,,,,
519 Orizaba Ave,Equity Track 8251,06/24/2026,,SF DEPT BLDG INSP,$286.00,,TRUE,,,,
519 Orizaba Ave,Equity Track 8251,06/24/2026,,CCSF SERVICE FEE,$7.15,,TRUE,,,,
751 27th Ave,Prescott Relay,06/26/2026,,AMAZON MARKEPLACE NA PA,$255.69,,TRUE,,,,
27 Prague St,Equity Track 8251,06/26/2026,,THE HOME DEPOT,$78.86,,TRUE,,,,
27 Prague St,Equity Track 8251,06/26/2026,,THE HOME DEPOT,$78.86,,TRUE,,,,
100 Palm Ave,Equity Track 8251,06/27/2026,,Comcast / Xfinity,$327.91,,TRUE,,,,
164 Springdale Way,Equity Track 8251,06/27/2026,,IN *SOUTH BAY TERMITSAN JOSE CA,$425.00,,TRUE,,,,
340 Vallejo Dr,Equity Track 8251,06/27/2026,,IN *SOUTH BAY TERMITSAN JOSE CA,$285.00,,TRUE,,,,
170 Glenn Way,Equity Track 8251,06/28/2026,,Comcast / Xfinity,$366.29,,TRUE,,,,
751 27th Ave,Prescott Relay,06/29/2026,,THE HOME DEPOT,$606.86,,TRUE,,,,
170 Glenn Way,Equity Track 8251,06/29/2026,,THE HOME DEPOT,$21.84,,TRUE,,,,
170 Glenn Way,Equity Track 8251,06/29/2026,,THE HOME DEPOT,$8.30,,TRUE,,,,
751 27th Ave,Prescott Relay,06/29/2026,,AMAZONCOM,$828.76,,TRUE,,,,
751 27th Ave,Prescott Relay,06/29/2026,,AMAZONCOM,$803.91,,TRUE,,,,
751 27th Ave,Prescott Relay,06/29/2026,,AMAZONCOM,$336.83,,TRUE,,,,
751 27th Ave,Prescott Relay,06/29/2026,,AMAZONCOM,$276.06,,TRUE,,,,
751 27th Ave,Prescott Relay,06/29/2026,,AMAZONCOM,$56.82,,TRUE,,,,
751 27th Ave,Prescott Relay,06/30/2026,,THE HOME DEPOT,$988.84,,TRUE,,,,
751 27th Ave,Prescott Relay,07/01/2026,,AMAZON MARKEPLACE NA PA,$158.95,,TRUE,,,,
751 27th Ave,Prescott Relay,07/01/2026,,AMAZON MARKEPLACE NA PA,$447.20,,TRUE,,,,
27 Prague St,Equity Track 8251,07/01/2026,,THE HOME DEPOT      SAN CARLOS          CA,$290.87,,TRUE,,,,
751 27th Ave,Prescott Relay,07/01/2026,,THE HOME DEPOT      SAN CARLOS          CA,$930.75,,TRUE,,,,
751 27th Ave,Prescott Relay,07/03/2026,,AJ MADISON,"$5,304.74",,TRUE,,,,
27 Prague St,Equity Track 8251,07/03/2026,,U-HAUL MOVING STOR,$208.33,,TRUE,,,,
27 Prague St,Equity Track 8251,07/03/2026,,U-HAUL MOVING STOR,$162.34,,TRUE,,,,
27 Prague St,Equity Track 8251,07/03/2026,,THE HOME DEPOT      SAN CARLOS          CA,$263.51,,TRUE,,,,
27 Prague St,Equity Track 8251,07/03/2026,,THE HOME DEPOT      SAN CARLOS          CA,$147.71,,TRUE,,,,
751 27th Ave,Prescott Relay,07/03/2026,,AMAZONCOM,$21.91,,TRUE,,,,
751 27th Ave,Prescott Relay,07/03/2026,,AMAZONCOM,$153.46,,TRUE,,,,
27 Prague St,Equity Track 8251,07/03/2026,,SKY KITCHEN RESTAURANT,$49.20,,TRUE,,,,
1464 Sunrise Pkwy,Equity Track 8251,07/03/2026,,CHIPOTLE,$16.32,,TRUE,,,,
27 Prague St,Equity Track 8251,07/03/2026,,A AND A GAS AND FOOD MART,$60.09,,TRUE,,,,
751 27th Ave,Prescott Relay,07/04/2026,,AMAZONCOM,$878.10,,TRUE,,,,
27 Prague St,Equity Track 8251,07/05/2026,,AplPay DD *DOORDASH SAN FRANCISCO CA,$83.90,,TRUE,,,,
1464 Sunrise Pkwy,Equity Track 8251,07/05/2026,,AplPay DD *DOORDASH SAN FRANCISCO CA,$122.18,,TRUE,,,,
27 Prague St,Equity Track 8251,07/05/2026,,UNION 76 09500638 LIVERMORE CA,$109.63,,TRUE,,,,
751 27th Ave,Prescott Relay,07/06/2026,,OGAWA-MUNE INC FREMONT CA,$963.59,,TRUE,,,,
17221 Via Lucas,Equity Track 8251,07/06/2026,Receipt,IN *SOUTH BAY TERMITE SAN JOSE CA,$200.00,,TRUE,,,,
519 Orizaba Ave,Equity Track 8251,07/06/2026,Receipt,IN *SOUTH BAY TERMITE SAN JOSE CA,$400.00,,TRUE,,,,
751 27th Ave,Prescott Relay,07/06/2026,Receipt,J'S CUSTOM GLASS AND MIRROR San Jose CA,"$1,035.00",,TRUE,,,,
27 Prague St,Equity Track 8251,07/06/2026,,Home Depot,$381.25,,TRUE,,,,
751 27th Ave,Prescott Relay,07/06/2026,,Home Depot,$869.13,,TRUE,,,,
27 Prague St,Equity Track 8251,07/06/2026,,Home Depot,$292.83,,TRUE,,,,
751 27th Ave,Prescott Relay,07/06/2026,,Home Depot,($269.12),,TRUE,,,,
751 27th Ave,Prescott Relay,07/06/2026,,Home Depot,($769.10),,TRUE,,,,
751 27th Ave,Prescott Relay,07/06/2026,,Home Depot,"$1,438.20",,TRUE,,,,
27 Prague St,Equity Track 8251,07/06/2026,,PRECISION GARAGE DOOHAYWARD CA,"$2,050.75",,TRUE,,,,
751 27th Ave,Prescott Relay,07/06/2026,,AMAZON MARKEPLACE NA PA,$14.24,,TRUE,,,,
751 27th Ave,Prescott Relay,07/07/2026,,76 - HOLLY 76 SAN CARLOS CA,$80.08,,TRUE,,,,
27 Prague St,Equity Track 8251,07/07/2026,Receipt,AMAZON MARKEPLACE NA PA,$268.58,,TRUE,,,,
170 Glenn Way,Equity Track 8251,07/07/2026,Receipt,Comcast / Xfinity,$356.97,,TRUE,,,,
27 Prague St,Equity Track 8251,07/07/2026,Receipt,THE HOME DEPOT      SAN MATEO           CA,($38.35),,TRUE,,,,
751 27th Ave,Prescott Relay,07/07/2026,,THE HOME DEPOT SAN MATEO CA,($38.35),,TRUE,,,,
751 27th Ave,Prescott Relay,07/07/2026,,AMAZON MARKEPLACE NA PA,$268.58,,TRUE,,,,
816 22nd St,Equity Track 8251,07/08/2026,Receipt,EZ PAY FEE PGE      PISCATAWAY          NJ,$1.50,,FALSE,,,,
816 22nd St,Equity Track 8251,07/08/2026,Receipt,PACIFIC GAS AND ELECWEST SACRAMENTO     CA,$127.86,,FALSE,,,,
27 Prague St,Equity Track 8251,07/08/2026,,THE HOME DEPOT SAN CARLOS CA,"$1,301.11",,TRUE,,,,
816 22nd St,Equity Track 8251,07/08/2026,,EZ PAY FEE PGE PISCATAWAY NJ,$1.50,,FALSE,,,,
1464 Sunrise Pkwy,Equity Track 8251,07/08/2026,,AplPay CHIPOTLE 4679REDWOOD CITY CA,$13.90,,TRUE,,,,
1464 Sunrise Pkwy,Equity Track 8251,07/08/2026,,AplPay CHICK-FIL-A #MILLBRAE CA,$25.28,,TRUE,,,,
27 Prague St,Equity Track 8251,07/08/2026,,AplPay BT*DD *DOORDASAN FRANCISCO CA,$22.86,,TRUE,,,,
751 27th Ave,Prescott Relay,07/09/2026,,THE HOME DEPOT COLMA CA,$95.47,,TRUE,,,,
519 Orizaba Ave,Equity Track 8251,07/09/2026,,PACIFIC GAS AND ELECWEST SACRAMENTO CA,$600.80,,TRUE,,,,
170 Glenn Way,Equity Track 8251,07/09/2026,,PACIFIC GAS AND ELECWEST SACRAMENTO CA,$488.23,,TRUE,,,,
100 Palm Ave,Equity Track 8251,07/09/2026,,PACIFIC GAS AND ELECWEST SACRAMENTO CA,$375.59,,FALSE,,,,
751 27th Ave,Prescott Relay,07/09/2026,,PACIFIC GAS AND ELECWEST SACRAMENTO CA,$242.52,,TRUE,,,,
164 Springdale Way,Equity Track 8251,07/09/2026,,PACIFIC GAS AND ELECWEST SACRAMENTO CA,$219.78,,TRUE,,,,
1932 Chestnut Ave,Equity Track 8251,07/09/2026,,PACIFIC GAS AND ELECWEST SACRAMENTO CA,$51.53,,TRUE,,,,
170 Glenn Way,Equity Track 8251,07/09/2026,,EZ PAY FEE PGE PISCATAWAY NJ,$6.95,,TRUE,,,,
100 Palm Ave,Equity Track 8251,07/09/2026,,EZ PAY FEE PGE PISCATAWAY NJ,$1.50,,FALSE,,,,
164 Springdale Way,Equity Track 8251,07/09/2026,,EZ PAY FEE PGE PISCATAWAY NJ,$1.50,,TRUE,,,,
1932 Chestnut Ave,Equity Track 8251,07/09/2026,,EZ PAY FEE PGE PISCATAWAY NJ,$1.50,,TRUE,,,,
519 Orizaba Ave,Equity Track 8251,07/09/2026,,EZ PAY FEE PGE PISCATAWAY NJ,$1.50,,TRUE,,,,
751 27th Ave,Prescott Relay,07/09/2026,,EZ PAY FEE PGE PISCATAWAY NJ,$1.50,,TRUE,,,,
27 Prague St,Equity Track 8251,07/09/2026,,AplPay SUSHI TRI 00-NOVATO CA,$31.50,,TRUE,,,,
1464 Sunrise Pkwy,Equity Track 8251,07/09/2026,,AplPay A&A GAS AND FSAN CARLOS CA,$100.00,,TRUE,,,,
1464 Sunrise Pkwy,Equity Track 8251,07/10/2026,,AplPay THE HOME DEPOROHNERT PARK CA,$51.50,,TRUE,,,,
1464 Sunrise Pkwy,Equity Track 8251,07/10/2026,,AplPay IN-N-OUT ROHNROHNERT PARK CA,$9.88,,TRUE,,,,
1464 Sunrise Pkwy,Equity Track 8251,07/10/2026,,AplPay BELMONT DOUBLBELMONT CA,$5.82,,TRUE,,,,
1464 Sunrise Pkwy,Equity Track 8251,07/10/2026,,AplPay 3847 EL POLLOPETALUMA CA,$18.18,,TRUE,,,,
1464 Sunrise Pkwy,Equity Track 8251,07/10/2026,,OMELETTE HOUSE SAN CARLOS CA,$46.60,,TRUE,,,,
27 Prague St,Equity Track 8251,07/11/2026,,AplPay ROSE LIQUOR FROSEVILLE CA,$100.00,,TRUE,,,,
1464 Sunrise Pkwy,Equity Track 8251,07/11/2026,,AplPay CHICK-FIL-A ROSEVILLE CA,$26.69,,TRUE,,,,
751 27th Ave,Prescott Relay,07/13/2026,,PRECISION GARAGE DOOR O,$647.00,,TRUE,,,,
751 27th Ave,Prescott Relay,07/13/2026,,AMAZON MARKETPLACE NAMZN.COM/BILL WA,($267.97),,TRUE,,,,
27 Prague St,Equity Track 8251,07/15/2026,,LOCAL KITCHEN,$41.76,,TRUE,,,,
1464 Sunrise Pkwy,Equity Track 8251,07/15/2026,,DOORDASH,$84.14,,TRUE,,,,
1464 Sunrise Pkwy,Equity Track 8251,07/16/2026,,Cafe Mimosa,$41.13,,TRUE,,,,
1464 Sunrise Pkwy,Equity Track 8251,07/16/2026,,CHEVRON GAS STATION,$122.10,,TRUE,,,,
27 Prague St,Equity Track 8251,07/17/2026,,BT*DD Doorda,$22.86,,TRUE,,,,
27 Prague St,Equity Track 8251,07/18/2026,,Shell Service,$94.34,,TRUE,,,,
1464 Sunrise Pkwy,Equity Track 8251,07/19/2026,,Shell Service Station (San Carlos),$118.28,,TRUE,,,,
27 Prague St,Equity Track 8251,07/20/2026,,OX Mountain Sanitary,$276.00,,TRUE,,,,
27 Prague St,Equity Track 8251,07/20/2026,,The Home Depot (San Mateo),$55.16,,TRUE,,,,
27 Prague St,Equity Track 8251,07/20/2026,,U-Haul 708078 (Belmont),$162.34,,TRUE,,,,
27 Prague St,Equity Track 8251,07/20/2026,,BT*DD Doordash,$15.70,,TRUE,,,,
1464 Sunrise Pkwy,Equity Track 8251,07/20/2026,,U-Haul 708078 (Belmont),$207.34,,TRUE,,,,
751 27th Ave,Prescott Relay,07/21/2026,,Precision Garage Door,"$5,824.97",,TRUE,,,,
27 Prague St,Equity Track 8251,07/21/2026,,A AND A GAS AND FOOD MART,$100.00,,TRUE,,,,
1464 Sunrise Pkwy,Equity Track 8251,07/21/2026,,Lyft,$15.94,,TRUE,,,,
27 Prague St,Equity Track 8251,07/22/2026,,U-Haul 708078 (Phoenix AZ),$312.21,,TRUE,,,,
27 Prague St,Equity Track 8251,07/22/2026,,U-Haul 708078 (Phoenix AZ),$312.21,,TRUE,,,,
27 Prague St,Equity Track 8251,07/23/2026,,OX Mountain Sanitary,$389.00,,TRUE,,,,
27 Prague St,Equity Track 8251,07/23/2026,,OX Mountain Sanitary,$389.00,,TRUE,,,,
27 Prague St,Equity Track 8251,07/24/2026,,BT*DD Doordash,$65.11,,TRUE,,,,
27 Prague St,Equity Track 8251,07/24/2026,,Otoko Sushi,$40.07,,TRUE,,,,
27 Prague St,Equity Track 8251,07/25/2026,,Sonoma Central Landfill,$404.50,,TRUE,,,,
27 Prague St,Equity Track 8251,07/25/2026,,U-Haul 89478 (Petaluma),$75.66,,TRUE,,,,
1464 Sunrise Pkwy,Equity Track 8251,07/25/2026,,Ceron Kitchen,$72.30,,TRUE,,,,
1464 Sunrise Pkwy,Equity Track 8251,07/25/2026,,Chevron (Alameda),$98.96,,TRUE,,,,
27 Prague St,Equity Track 8251,07/25/2026,,Foster City Valero,$107.56,,TRUE,,,,
27 Prague St,Equity Track 8251,07/25/2026,,Sonoma Central Landfill,$404.50,,TRUE,,,,
27 Prague St,Equity Track 8251,07/25/2026,,U-Haul 89478 (Petaluma),$75.66,,TRUE,,,,
1464 Sunrise Pkwy,Equity Track 8251,07/28/2026,,U-Haul 89478 (Petaluma),$79.93,,TRUE,,,,
1464 Sunrise Pkwy,Equity Track 8251,08/01/2026,,AplPay BT*DD *DoorDash,$14.07,,TRUE,,,,
1464 Sunrise Pkwy,Equity Track 8251,08/01/2026,,AplPay Chipotle 4679,$12.36,,TRUE,,,,
1464 Sunrise Pkwy,Equity Track 8251,08/01/2026,,AplPay Clipper Transit,$6.15,,TRUE,,,,
27 Prague St,Equity Track 8251,08/01/2026,,AplPay DD *DoorDash,$9.99,,TRUE,,,,
27 Prague St,Equity Track 8251,08/01/2026,,AplPay Guadalajara Grill,$38.44,,TRUE,,,,
1464 Sunrise Pkwy,Equity Track 8251,08/01/2026,,Cinepolis USA,($21.00),,TRUE,,,,
27 Prague St,Equity Track 8251,08/02/2026,,AplPay Bagel St Cafe,$4.00,,TRUE,,,,
27 Prague St,Equity Track 8251,08/02/2026,,AplPay Bagel St Cafe,$16.29,,TRUE,,,,
1464 Sunrise Pkwy,Equity Track 8251,08/02/2026,,AplPay Chipotle 4679,$19.21,,TRUE,,,,
3375 17th St,Equity Track 8251,08/04/2026,,AplPay BT*DD *DoorDash,$53.86,,TRUE,,,,
1464 Sunrise Pkwy,Equity Track 8251,08/04/2026,,AplPay Chick-fil-A,$27.86,,TRUE,,,,
27 Prague St,Equity Track 8251,08/04/2026,,AplPay Clipper Transit,$5.50,,TRUE,,,,
3375 17th St,Equity Track 8251,08/05/2026,,Amazon,$393.73,,TRUE,,,,
3375 17th St,Equity Track 8251,08/05/2026,,Amazon,$992.83,,TRUE,,,,
1464 Sunrise Pkwy,Equity Track 8251,08/05/2026,,Amazon,$376.96,,TRUE,,,,
3375 17th St,Equity Track 8251,08/05/2026,,AplPay A&A Gas and Food Mart,$3.27,,TRUE,,,,
3375 17th St,Equity Track 8251,08/05/2026,,AplPay A&A Gas and Food Mart,$80.97,,TRUE,,,,
27 Prague St,Equity Track 8251,08/05/2026,,AplPay A&A Gas and Food Mart,$99.30,,TRUE,,,,
27 Prague St,Equity Track 8251,08/05/2026,,AplPay BT*Waymo,$15.57,,TRUE,,,,
1464 Sunrise Pkwy,Equity Track 8251,08/05/2026,,AplPay King Chuan,$106.66,,TRUE,,,,
3375 17th St,Equity Track 8251,08/05/2026,,AplPay TST* Paris Baguette,$18.68,,TRUE,,,,
3375 17th St,Equity Track 8251,08/05/2026,,Union 76,$115.08,,TRUE,,,,
1464 Sunrise Pkwy,Equity Track 8251,08/05/2026,,Amazon,$813.24,,TRUE,,,,
3375 17th St,Equity Track 8251,08/05/2026,,Amazon,$814.95,,TRUE,,,,
1464 Sunrise Pkwy,Equity Track 8251,08/05/2026,,Precision Garage Door,"$1,977.93",,TRUE,,,,
27 Prague St,Equity Track 8251,08/06/2026,,Home Depot,$521.18,,TRUE,,,,
3375 17th St,Equity Track 8251,08/06/2026,,AplPay BT*DD *DoorDash,$23.09,,TRUE,,,,
3375 17th St,Equity Track 8251,08/06/2026,,Airport Appliance,"$2,918.13",,TRUE,,,,
1464 Sunrise Pkwy,Equity Track 8251,08/06/2026,,Amazon,$251.32,,TRUE,,,,
1464 Sunrise Pkwy,Equity Track 8251,08/06/2026,,Amazon,$125.64,,TRUE,,,,
3375 17th St,Equity Track 8251,08/06/2026,,The Home Depot,"$1,177.02",,TRUE,,,,
27 Prague St,Equity Track 8251,08/06/2026,,The Home Depot,$521.18,,TRUE,,,,
27 Prague St,Equity Track 8251,08/06/2026,,The Home Depot,($29.96),,TRUE,,,,
27 Prague St,Equity Track 8251,08/07/2026,,AplPay San Carlos Do...,$2.25,,TRUE,,,,
27 Prague St,Equity Track 8251,08/07/2026,,AplPay San Carlos Do...,$2.85,,TRUE,,,,
1464 Sunrise Pkwy,Equity Track 8251,08/07/2026,,AplPay TST* Yummy Pi,$5.32,,TRUE,,,,
1464 Sunrise Pkwy,Equity Track 8251,08/07/2026,,AplPay TST* Yummy Pi,$23.45,,TRUE,,,,
170 Glenn Way,Equity Track 8251,08/07/2026,,Comcast / Xfinity,$356.97,,TRUE,,,,
3375 17th St,Equity Track 8251,08/07/2026,,The Home Depot,"$1,251.65",,TRUE,,,,
1464 Sunrise Pkwy,Equity Track 8251,08/07/2026,,The Home Depot,$557.08,,TRUE,,,,
3375 17th St,Equity Track 8251,08/07/2026,,Airport Appliance,"$2,037.63",,TRUE,,,,
3375 17th St,Equity Track 8251,08/07/2026,,Amazon,$302.16,,TRUE,,,,
3375 17th St,Equity Track 8251,08/07/2026,,AplPay 365 Vend,$3.00,,TRUE,,,,
3375 17th St,Equity Track 8251,08/07/2026,,AplPay 888 Ristorante,$167.20,,TRUE,,,,
27 Prague St,Equity Track 8251,08/07/2026,,AplPay Diddams Party,$38.24,,TRUE,,,,
27 Prague St,Equity Track 8251,08/07/2026,,AplPay El Toro Taqueria,$10.70,,TRUE,,,,
27 Prague St,Equity Track 8251,08/07/2026,,AplPay El Toro Taqueria,$10.81,,TRUE,,,,
1464 Sunrise Pkwy,Equity Track 8251,08/07/2026,,Home Depot,"$1,353.81",,TRUE,,,,
3375 17th St,Equity Track 8251,08/07/2026,,Home Depot,$669.51,,TRUE,,,,
3375 17th St,Equity Track 8251,08/07/2026,,Home Depot,$568.46,,TRUE,,,,
1464 Sunrise Pkwy,Equity Track 8251,08/08/2026,,Sonoma Central Landfill / Sonoma Central,$266.50,,TRUE,,,,
1464 Sunrise Pkwy,Equity Track 8251,08/08/2026,,Sonoma Central Landfill / Sonoma Central,$873.50,,TRUE,,,,
1464 Sunrise Pkwy,Equity Track 8251,08/08/2026,,Sonoma Central Landfill / Sonoma Central,$873.50,,TRUE,,,,
1464 Sunrise Pkwy,Equity Track 8251,08/08/2026,,Shell,$75.44,,TRUE,,,,
1464 Sunrise Pkwy,Equity Track 8251,08/08/2026,,Chevron,$136.57,,TRUE,,,,
3375 17th St,Equity Track 8251,08/08/2026,,AplPay Chuck Donuts,$3.75,,TRUE,,,,
1464 Sunrise Pkwy,Equity Track 8251,08/08/2026,,Amazon,$157.08,,TRUE,,,,
3375 17th St,Equity Track 8251,08/08/2026,,AplPay Jack in the Box,$39.32,,TRUE,,,,
3375 17th St,Equity Track 8251,08/09/2026,,AplPay BT*DD *DoorDash,$84.97,,TRUE,,,,
751 27th Ave,Prescott Relay,08/11/2026,,Home Depot,$544.17,,TRUE,,,,
27 Prague St,Equity Track 8251,08/11/2026,,Home Depot,$306.01,,TRUE,,,,
27 Prague St,Equity Track 8251,08/11/2026,,Home Depot,$195.64,,TRUE,,,,
27 Prague St,Equity Track 8251,08/12/2026,,Home Depot,"$1,123.63",,TRUE,,,,
27 Prague St,Equity Track 8251,08/12/2026,,Home Depot,$570.70,,TRUE,,,,
27 Prague St,Equity Track 8251,08/12/2026,,Home Depot Refund,($250.11),,TRUE,,,,
3375 17th St,Equity Track 8251,08/12/2026,,Amazon,$66.71,,TRUE,,,,
3375 17th St,Equity Track 8251,08/12/2026,,AplPay Menchie's,$4.70,,TRUE,,,,
3375 17th St,Equity Track 8251,08/12/2026,,The Home Depot Daly City,$206.76,,TRUE,,,,
3375 17th St,Equity Track 8251,08/12/2026,,Home Depot Refund,($18.56),,TRUE,,,,
27 Prague St,Equity Track 8251,08/13/2026,,Home Depot,$516.82,,TRUE,,,,
3375 17th St,Equity Track 8251,08/13/2026,,Amazon,$103.88,,TRUE,,,,
3375 17th St,Equity Track 8251,08/13/2026,,AplPay DoorDash,$22.86,,TRUE,,,,
3375 17th St,Equity Track 8251,08/13/2026,,Uber,$7.95,,TRUE,,,,
3375 17th St,Equity Track 8251,08/13/2026,,Uber,$19.95,,TRUE,,,,
27 Prague St,Equity Track 8251,08/13/2026,,Airport Appliance,"$2,587.77",,TRUE,,,,
27 Prague St,Equity Track 8251,08/13/2026,,Home Depot Refund,($128.73),,TRUE,,,,
27 Prague St,Equity Track 8251,08/13/2026,,Home Depot Refund,($101.33),,TRUE,,,,
27 Prague St,Equity Track 8251,08/13/2026,,Home Depot,$422.58,,TRUE,,,,
27 Prague St,Equity Track 8251,08/14/2026,,Amazon Refund,($196.82),,TRUE,,,,
27 Prague St,Equity Track 8251,08/14/2026,,Amazon Refund,($131.24),,TRUE,,,,
27 Prague St,Equity Track 8251,08/14/2026,,Amazon Refund,($80.00),,TRUE,,,,
27 Prague St,Equity Track 8251,08/14/2026,,Amazon Refund,($71.08),,TRUE,,,,
27 Prague St,Equity Track 8251,08/14/2026,,Amazon Refund,($69.41),,TRUE,,,,
27 Prague St,Equity Track 8251,08/14/2026,,Amazon Refund,($58.31),,TRUE,,,,
27 Prague St,Equity Track 8251,08/14/2026,,Amazon Refund,($57.08),,TRUE,,,,
27 Prague St,Equity Track 8251,08/14/2026,,Amazon Refund,($39.99),,TRUE,,,,
27 Prague St,Equity Track 8251,08/14/2026,,Amazon Refund,($39.83),,TRUE,,,,
27 Prague St,Equity Track 8251,08/14/2026,,Amazon Refund,($29.52),,TRUE,,,,
27 Prague St,Equity Track 8251,08/14/2026,,Amazon.com Refund,($196.82),,TRUE,,,,
27 Prague St,Equity Track 8251,08/14/2026,,Amazon.com Refund,($185.84),,TRUE,,,,
27 Prague St,Equity Track 8251,08/14/2026,,AplPay DoorDash,$54.63,,TRUE,,,,
3375 17th St,Equity Track 8251,08/14/2026,,AplPay DoorDash,$59.37,,TRUE,,,,
27 Prague St,Equity Track 8251,08/14/2026,,AplPay Chuck Donuts,$5.24,,TRUE,,,,
3375 17th St,Equity Track 8251,08/14/2026,,AplPay Groovy Goose,$6.25,,TRUE,,,,
27 Prague St,Equity Track 8251,08/14/2026,,Home Depot,$854.35,,TRUE,,,,
27 Prague St,Equity Track 8251,08/14/2026,,"Lyngso Garden Materials, Inc.",$209.89,,TRUE,,,,
27 Prague St,Equity Track 8251,08/14/2026,,Home Depot,$93.14,,TRUE,,,,
27 Prague St,Equity Track 8251,08/14/2026,,Home Depot,$776.13,,TRUE,,,,
27 Prague St,Equity Track 8251,08/16/2026,,"Open Homes, Inc.",$350.00,,TRUE,,,,
"492 Umland Dr, Santa Rosa",Equity Track 8251,08/17/2026,,"Finkelstein & Fujii, LLP","$5,150.00",,TRUE,,,,
1464 Sunrise Pkwy,Equity Track 8251,08/17/2026,,Uber,$13.47,,TRUE,,,,
27 Prague St,Equity Track 8251,08/18/2026,,AplPay 365 Vend,$3.00,,TRUE,,,,
3375 17th St,Equity Track 8251,08/18/2026,,AplPay A&A Gas and Food Mart,$61.45,,TRUE,,,,
1464 Sunrise Pkwy,Equity Track 8251,08/18/2026,,AplPay BT*DD DoorDash,$4.94,,TRUE,,,,
27 Prague St,Equity Track 8251,08/18/2026,,AplPay BT*DD DoorDash,$28.35,,TRUE,,,,
3375 17th St,Equity Track 8251,08/18/2026,,AplPay In-N-Out,$25.81,,TRUE,,,,
1464 Sunrise Pkwy,Equity Track 8251,08/18/2026,,AplPay TST* Town,$191.13,,TRUE,,,,
1464 Sunrise Pkwy,Equity Track 8251,08/18/2026,,Home Depot,"$2,458.72",,TRUE,,,,
3375 17th St,Equity Track 8251,08/18/2026,,Home Depot 628,$251.04,,TRUE,,,,
3375 17th St,Equity Track 8251,08/18/2026,,Home Depot 628,"($1,246.16)",,TRUE,,,,
3375 17th St,Equity Track 8251,08/18/2026,,AplPay Bagel St Cafe,$16.29,,TRUE,,,,
27 Prague St,Equity Track 8251,08/19/2026,,Amazon Marketplace Refund,($7.65),,TRUE,,,,
1464 Sunrise Pkwy,Equity Track 8251,08/19/2026,,North Bay Materials,$495.69,,TRUE,,,,
1464 Sunrise Pkwy,Equity Track 8251,08/20/2026,,Go! Gas & Food (Oakland),$120.00,,TRUE,,,,
1464 Sunrise Pkwy,Equity Track 8251,08/20/2026,,H & M Landscape Materials (Santa Rosa),"$2,297.61",,TRUE,,,,
27 Prague St,Equity Track 8251,08/20/2026,,HomeSentry Inspection (San Jose),$450.00,,TRUE,,,,
751 27th Ave,Prescott Relay,08/20/2026,,Lasky Trade Printing (Belmont),$42.66,,FALSE,,,,
1464 Sunrise Pkwy,Equity Track 8251,08/20/2026,,The Home Depot (Santa Rosa),"$1,547.26",,TRUE,,,,
"492 Umland Dr, Santa Rosa",Equity Track 8251,08/20/2026,,Zara Home (Madrid),$453.19,,TRUE,,,,
1464 Sunrise Pkwy,Equity Track 8251,08/21/2026,,DoorDash,$40.68,,TRUE,,,,
27 Prague St,Equity Track 8251,08/21/2026,,Foremost Recycling (Pleasanton),$233.00,,TRUE,,,,
27 Prague St,Equity Track 8251,08/21/2026,,South Bay Termite (San Jose),$325.00,,TRUE,,,,
"492 Umland Dr, Santa Rosa",Equity Track 8251,08/21/2026,,Uber Eats,$83.53,,TRUE,,,,
1464 Sunrise Pkwy,Equity Track 8251,08/21/2026,,Home Depot,$793.21,,TRUE,,,,
"492 Umland Dr, Santa Rosa",Equity Track 8251,08/21/2026,,Amazon Marketplace,$74.46,,TRUE,,,,
1464 Sunrise Pkwy,Equity Track 8251,08/22/2026,,Golden State Lumber,"$1,077.53",,TRUE,,,,
1464 Sunrise Pkwy,Equity Track 8251,08/22/2026,,Glass Shop of North Bay,$373.74,,TRUE,,,,
"492 Umland Dr, Santa Rosa",Equity Track 8251,08/22/2026,,Doordash,$50.55,,TRUE,,,,
"492 Umland Dr, Santa Rosa",Equity Track 8251,08/22/2026,,Autozone,$43.29,,TRUE,,,,
"492 Umland Dr, Santa Rosa",Equity Track 8251,08/22/2026,,Amazon,$59.04,,TRUE,,,,
"492 Umland Dr, Santa Rosa",Equity Track 8251,08/22/2026,,Amazon,"$1,422.79",,TRUE,,,,
"492 Umland Dr, Santa Rosa",Equity Track 8251,08/22/2026,,Amazon,$601.40,,TRUE,,,,
"492 Umland Dr, Santa Rosa",Equity Track 8251,08/22/2026,,Amazon,$488.49,,TRUE,,,,
"492 Umland Dr, Santa Rosa",Equity Track 8251,08/22/2026,,Amazon,$481.03,,TRUE,,,,
"492 Umland Dr, Santa Rosa",Equity Track 8251,08/22/2026,,Amazon,$349.84,,TRUE,,,,
"492 Umland Dr, Santa Rosa",Equity Track 8251,08/22/2026,,Amazon,$294.84,,TRUE,,,,
"492 Umland Dr, Santa Rosa",Equity Track 8251,08/22/2026,,Amazon,$124.65,,TRUE,,,,
"492 Umland Dr, Santa Rosa",Equity Track 8251,08/22/2026,,Amazon,$113.72,,TRUE,,,,
"492 Umland Dr, Santa Rosa",Equity Track 8251,08/22/2026,,A and A Gas and Food Mart,$80.06,,TRUE,,,,
"492 Umland Dr, Santa Rosa",Equity Track 8251,08/22/2026,,A and A Gas and Food Mart,$6.29,,TRUE,,,,
1464 Sunrise Pkwy,Equity Track 8251,08/22/2026,,Home Depot,"$1,273.45",,TRUE,,,,
"492 Umland Dr, Santa Rosa",Equity Track 8251,08/22/2026,,Amazon Marketplace,$212.33,,TRUE,,,,
"492 Umland Dr, Santa Rosa",Equity Track 8251,08/22/2026,,Amazon Marketplace,$605.68,,TRUE,,,,
"492 Umland Dr, Santa Rosa",Equity Track 8251,08/23/2026,,Amazon Marketplace,$180.83,,TRUE,,,,
"492 Umland Dr, Santa Rosa",Equity Track 8251,08/23/2026,,Amazon Marketplace,$184.18,,TRUE,,,,
"492 Umland Dr, Santa Rosa",Equity Track 8251,08/23/2026,,Amazon Marketplace,$207.77,,TRUE,,,,
1464 Sunrise Pkwy,Equity Track 8251,08/24/2026,,Sonoma Central Landfill,$346.00,,TRUE,,,,
1464 Sunrise Pkwy,Equity Track 8251,08/24/2026,,Sonoma Central Transfe,$326.00,,TRUE,,,,
"492 Umland Dr, Santa Rosa",Equity Track 8251,08/25/2026,,The Home Depot (Santa Rosa),"$2,295.41",,TRUE,,,,
"492 Umland Dr, Santa Rosa",Equity Track 8251,08/26/2026,,Amazon Marketplace,"$1,529.01",,TRUE,,,,
"492 Umland Dr, Santa Rosa",Equity Track 8251,08/26/2026,,Amazon Marketplace,$207.80,,TRUE,,,,
"492 Umland Dr, Santa Rosa",Equity Track 8251,08/26/2026,,The Home Depot (Rohnert Park),$157.14,,TRUE,,,,
100 Palm Ave,Equity Track 8251,08/26/2026,,The Home Depot (San Carlos),$21.15,,FALSE,,,,
100 Palm Ave,Equity Track 8251,08/26/2026,,The Home Depot (San Carlos),$50.32,,FALSE,,,,
751 27th Ave,Prescott Relay,08/26/2026,,The Home Depot (San Carlos),$78.86,,FALSE,,,,
1464 Sunrise Pkwy,Equity Track 8251,08/26/2026,,The Home Depot (Santa Rosa),$980.39,,TRUE,,,,
"492 Umland Dr, Santa Rosa",Equity Track 8251,08/27/2026,,Junk Land Hauling,"$1,400.00",,TRUE,,,,
1464 Sunrise Pkwy,Equity Track 8251,08/27/2026,,H & M Landscape Materials (Santa Rosa),($194.59),,TRUE,,,,
1464 Sunrise Pkwy,Equity Track 8251,08/27/2026,,The Home Depot (Rohnert Park),$307.74,,TRUE,,,,
1464 Sunrise Pkwy,Equity Track 8251,08/27/2026,,The Home Depot (Rohnert Park),$477.06,,TRUE,,,,
1464 Sunrise Pkwy,Equity Track 8251,08/27/2026,,The Home Depot (Rohnert Park),"$1,075.39",,TRUE,,,,
751 27th Ave,Prescott Relay,08/27/2026,,The Home Depot (San Carlos),$119.22,,FALSE,,,,
52 Paramount Ter,Equity Track 8251,08/27/2026,,The Home Depot (San Rafael),$278.78,,TRUE,,,,
"492 Umland Dr, Santa Rosa",Equity Track 8251,08/27/2026,,The Home Depot (Santa Rosa),$534.75,,TRUE,,,,
1464 Sunrise Pkwy,Equity Track 8251,08/28/2026,,Belmont Doubletime,$129.79,,TRUE,,,,
1464 Sunrise Pkwy,Equity Track 8251,08/28/2026,,Sonoma Central Landfill,$200.50,,TRUE,,,,
1464 Sunrise Pkwy,Equity Track 8251,08/28/2026,,Wheeler Zamaroni,$726.51,,TRUE,,,,
"492 Umland Dr, Santa Rosa",Equity Track 8251,08/28/2026,,Belmont Alliance Gas,$175.00,,TRUE,,,,
1464 Sunrise Pkwy,Equity Track 8251,08/28/2026,,The Home Depot,$317.68,,TRUE,,,0,
"492 Umland Dr, Santa Rosa",Equity Track 8251,08/28/2026,,The Home Depot,$661.21,,TRUE,,,,
1464 Sunrise Pkwy,Equity Track 8251,08/28/2026,,The Home Depot,$985.71,,TRUE,,,,
1464 Sunrise Pkwy,Equity Track 8251,08/28/2026,,Wheeler Zamaroni Landscaping,$912.24,,TRUE,,,,
"492 Umland Dr, Santa Rosa",Equity Track 8251,08/28/2026,,Junk Land Hauling,"$1,400.00",,TRUE,,,,
1464 Sunrise Pkwy,Equity Track 8251,08/29/2026,,A and A Gas and Food Mart,$84.14,,TRUE,,1002.29,12894.33,
1464 Sunrise Pkwy,Equity Track 8251,08/29/2026,,Dryscape Materials,"$1,924.23",,TRUE,,6065.95,7068.24,
52 Paramount Ter,Equity Track 8251,08/29/2026,,Raz Hauling Services,$550.00,,TRUE,,,,
1464 Sunrise Pkwy,Equity Track 8251,08/29/2026,,Home Depot,$550.06,,TRUE,,,,
"492 Umland Dr, Santa Rosa",Equity Track 8251,08/29/2026,,Amazon Marketplace,"$1,365.92",,TRUE,,,,
1464 Sunrise Pkwy,Equity Track 8251,08/29/2026,,Dryscape Materials,$573.22,,TRUE,,,,
1464 Sunrise Pkwy,Equity Track 8251,08/29/2026,,Dryscape Materials,$252.34,,TRUE,,,,
1464 Sunrise Pkwy,Equity Track 8251,08/29/2026,,Valero Energy,$113.25,,TRUE,,,,
1464 Sunrise Pkwy,Equity Track 8251,08/31/2026,,Beltran Tires,$740.01,,TRUE,,,,
"492 Umland Dr, Santa Rosa",Equity Track 8251,09/01/2026,,AplPay McDonald's,$23.59,,FALSE,,,,
"492 Umland Dr, Santa Rosa",Equity Track 8251,09/01/2026,,AplPay TST* Town,$34.48,,FALSE,,,,
"492 Umland Dr, Santa Rosa",Equity Track 8251,09/01/2026,,The Home Depot,"$1,530.46",,TRUE,,,,
"460 5th Ave, Redwood City",Equity Track 8251,09/01/2026,,The Home Depot San Carlos,$994.59,,TRUE,,,,
519 Orizaba Ave,Equity Track 8251,09/01/2026,,THE HOME DEPOT,-$389.68,,FALSE,,,,
519 Orizaba Ave,Equity Track 8251,09/22/2026,,SF WATER POWER SEWER,$111.56,,FALSE,,,,
1464 Sunrise Pkwy,Equity Track 8251,09/02/2026,,The Home Depot,"$1,104.12",,FALSE,,,,
1464 Sunrise Pkwy,Equity Track 8251,09/02/2026,,The Home Depot (refund),-$230.96,,FALSE,,,,
1464 Sunrise Pkwy,Equity Track 8251,09/02/2026,,The Home Depot (refund),-$45.33,,FALSE,,,,
1464 Sunrise Pkwy,Equity Track 8251,09/02/2026,,"Open Homes, Inc.",$350.00,,FALSE,,,,
751 27th Ave,Prescott Relay,09/02/2026,,Michael C. Adams Ins,"$2,118.00",,FALSE,,,,
"492 Umland Dr, Santa Rosa",Equity Track 8251,09/03/2026,,The Home Depot,$136.20,,FALSE,,,,
"492 Umland Dr, Santa Rosa",Equity Track 8251,09/03/2026,,SONOMA CENTRAL LANDFILL,$281.00,,TRUE,,,,
"492 Umland Dr, Santa Rosa",Equity Track 8251,09/03/2026,,The Home Depot,$522.36,,TRUE,,,,
"492 Umland Dr, Santa Rosa",Equity Track 8251,09/03/2026,,THE HOME DEPOT,$834.68,,TRUE,,,,
"460 5th Ave, Redwood City",Equity Track 8251,09/03/2026,,SWEET SUSTAINABLE SOLUTIONS,$275.00,,TRUE,,,,
"460 5th Ave, Redwood City",Equity Track 8251,09/03/2026,,PRIME DUMPSTER,$270.62,,TRUE,,,,
"460 5th Ave, Redwood City",Equity Track 8251,09/03/2026,,CUBICASA,$245.00,,TRUE,,,,
"492 Umland Dr, Santa Rosa",Equity Track 8251,09/04/2026,,UBER EATS,$50.48,,FALSE,,,,
"492 Umland Dr, Santa Rosa",Equity Track 8251,09/04/2026,,The Home Depot,$167.97,,TRUE,,,,
"492 Umland Dr, Santa Rosa",Equity Track 8251,09/04/2026,,DRYSCAPE MATERIALS,$540.81,,TRUE,,,,
"492 Umland Dr, Santa Rosa",Equity Track 8251,09/04/2026,,DRYSCAPE MATERIALS,"$1,924.23",,TRUE,,,,
"460 5th Ave, Redwood City",Equity Track 8251,09/04/2026,,The Home Depot,$167.91,,TRUE,,,,
"460 5th Ave, Redwood City",Equity Track 8251,09/04/2026,,THE HOME DEPOT,$170.09,,TRUE,,,,
"492 Umland Dr, Santa Rosa",Equity Track 8251,09/05/2026,,THE HOME DEPOT,$27.93,,TRUE,,,,
170 Glenn Way,Equity Track 8251,09/05/2026,,ENCOMPASS SUPPLY PARTS,$565.71,,FALSE,,,,
170 Glenn Way,Equity Track 8251,09/05/2026,,ENCOMPASS SUPPLY PARTS,$142.67,,FALSE,,,,
170 Glenn Way,Equity Track 8251,09/05/2026,,WAYMO,$18.10,,FALSE,,,,
"460 5th Ave, Redwood City",Equity Track 8251,09/05/2026,,UBER,$15.96,,TRUE,,,,
"460 5th Ave, Redwood City",Equity Track 8251,09/05/2026,,UBER EATS,$2.00,,TRUE,,,,
"460 5th Ave, Redwood City",Equity Track 8251,09/05/2026,,UBER EATS,$41.69,,TRUE,,,,
"460 5th Ave, Redwood City",Equity Track 8251,09/05/2026,,UBER EATS,$39.69,,TRUE,,,,
"492 Umland Dr, Santa Rosa",Equity Track 8251,09/06/2026,,DOORDASH,$88.96,,FALSE,,,,
"492 Umland Dr, Santa Rosa",Equity Track 8251,09/07/2026,,SPECTORA,$1.50,,TRUE,,,,
1464 Sunrise Pkwy,Equity Track 8251,09/07/2026,,AMAZON MARKETPLACE,$109.36,,FALSE,,,,
170 Glenn Way,Equity Track 8251,09/07/2026,,Comcast/Xfinity,$356.97,,FALSE,,,,
"460 5th Ave, Redwood City",Equity Track 8251,09/07/2026,,AMAZON MARKETPLACE,$111.62,,TRUE,,,,
"460 5th Ave, Redwood City",Equity Track 8251,09/07/2026,,AMAZON MARKETPLACE,$150.93,,TRUE,,,,
"460 5th Ave, Redwood City",Equity Track 8251,09/07/2026,,AMAZON MARKETPLACE,$218.19,,TRUE,,,,
"460 5th Ave, Redwood City",Equity Track 8251,09/07/2026,,AMAZON MARKETPLACE,$259.65,,TRUE,,,,
"460 5th Ave, Redwood City",Equity Track 8251,09/07/2026,,AMAZON MARKETPLACE,$266.84,,TRUE,,,,
"460 5th Ave, Redwood City",Equity Track 8251,09/07/2026,,AMAZON MARKETPLACE,$498.13,,FALSE,,,,
"460 5th Ave, Redwood City",Equity Track 8251,09/07/2026,,THE HOME DEPOT,$44.73,,FALSE,,,,
"460 5th Ave, Redwood City",Equity Track 8251,09/07/2026,,THE HOME DEPOT,$524.65,,FALSE,,,,
"460 5th Ave, Redwood City",Equity Track 8251,09/07/2026,,THE HOME DEPOT,$628.64,,FALSE,,,,
"460 5th Ave, Redwood City",Equity Track 8251,09/07/2026,,THE HOME DEPOT,$731.15,,FALSE,,,,
"492 Umland Dr, Santa Rosa",Equity Track 8251,09/07/2026,,AMAZON MARKETPLACE,$87.49,,FALSE,,,,
"492 Umland Dr, Santa Rosa",Equity Track 8251,09/08/2026,,"Open Homes, Inc.",$150.00,,FALSE,,,,
"460 5th Ave, Redwood City",Equity Track 8251,09/08/2026,,AMAZON MARKETPLACE,$316.09,,FALSE,,,,
"460 5th Ave, Redwood City",Equity Track 8251,09/08/2026,,AMAZON MARKETPLACE,$503.10,,FALSE,,,,
"460 5th Ave, Redwood City",Equity Track 8251,09/08/2026,,OX MTN SANITARY LF L71,"$1,035.00",,FALSE,,,,
820 28th St,Equity Track 8251,09/08/2026,,THE HOME DEPOT,$370.53,,FALSE,,,,
"460 5th Ave, Redwood City",Equity Track 8251,09/09/2026,,AMAZON MARKETPLACE,$72.26,,FALSE,,,,
"460 5th Ave, Redwood City",Equity Track 8251,09/09/2026,,THE HOME DEPOT,$41.28,,FALSE,,,,
"460 5th Ave, Redwood City",Equity Track 8251,09/09/2026,,THE HOME DEPOT,$166.79,,FALSE,,,,
"460 5th Ave, Redwood City",Equity Track 8251,09/09/2026,,CHIPOTLE,$19.78,,FALSE,,,,
"460 5th Ave, Redwood City",Equity Track 8251,09/09/2026,,SWEET SUSTAINABLE SOLUTIONS,$275.00,,FALSE,,,,
"460 5th Ave, Redwood City",Equity Track 8251,09/09/2026,,THE HOME DEPOT,$181.42,,FALSE,,,,
"460 5th Ave, Redwood City",Equity Track 8251,09/09/2026,,UBER,$39.93,,FALSE,,,,
820 28th St,Equity Track 8251,09/09/2026,,AMAZON MARKETPLACE,$180.40,,FALSE,,,,
820 28th St,Equity Track 8251,09/09/2026,,THE HOME DEPOT,$295.53,,FALSE,,,,
"460 5th Ave, Redwood City",Equity Track 8251,09/10/2026,,AMAZON MARKEPLACE NA PA,$25.15,,FALSE,,,,
"460 5th Ave, Redwood City",Equity Track 8251,09/10/2026,,SKY KITCHEN RESTAURANT,$26.39,,FALSE,,,,
"460 5th Ave, Redwood City",Equity Track 8251,09/10/2026,,THE HOME DEPOT,$569.65,,FALSE,,,,
"460 5th Ave, Redwood City",Equity Track 8251,09/11/2026,,IN-N-OUT BURGER,$12.63,,FALSE,,,,
"460 5th Ave, Redwood City",Equity Track 8251,09/11/2026,,SAFEWAY,$21.02,,FALSE,,,,
"460 5th Ave, Redwood City",Equity Track 8251,09/11/2026,,THE HOME DEPOT,-$19.62,,FALSE,,,,
751 27th Ave,Prescott Relay,09/11/2026,,THE HOME DEPOT,$192.39,,FALSE,,,,
820 28th St,Equity Track 8251,09/11/2026,,GETITRECORDED.COM,$155.00,,FALSE,,,,
820 28th St,Equity Track 8251,09/11/2026,,THE UPS STORE,$30.00,,FALSE,,,,
"460 5th Ave, Redwood City",Equity Track 8251,09/12/2026,,SINALOA PRIME TACOS SEAFOOD,$13.11,,FALSE,,,,
"460 5th Ave, Redwood City",Equity Track 8251,09/12/2026,,THE HOME DEPOT,$686.18,,FALSE,,,,
"460 5th Ave, Redwood City",Equity Track 8251,09/12/2026,,THE HOME DEPOT,$128.81,,FALSE,,,,
751 27th Ave,Prescott Relay,09/12/2026,,THE HOME DEPOT,$181.75,,FALSE,,,,
"460 5th Ave, Redwood City",Equity Track 8251,09/13/2026,,ROSSOTTIS ALPINE INN,$135.40,,FALSE,,,,
170 Glenn Way,Equity Track 8251,09/14/2026,,PACIFIC GAS AND ELECTRIC,$586.66,,FALSE,,,,
"460 5th Ave, Redwood City",Equity Track 8251,09/14/2026,,WAYMO,$16.82,,FALSE,,,,
"460 5th Ave, Redwood City",Equity Track 8251,09/14/2026,,A-1 GUTTER GUYS,"$2,980.00",,FALSE,,,,
"460 5th Ave, Redwood City",Equity Track 8251,09/14/2026,,THE HOME DEPOT,$953.71,,FALSE,,,,
"460 5th Ave, Redwood City",Equity Track 8251,09/14/2026,,THE HOME DEPOT,$224.55,,FALSE,,,,
"460 5th Ave, Redwood City",Equity Track 8251,09/14/2026,,THE HOME DEPOT,"$1,540.04",,FALSE,,,,
820 28th St,Equity Track 8251,09/14/2026,,PLACEMAKERS,$874.13,,FALSE,,,,
820 28th St,Equity Track 8251,09/14/2026,,THE HOME DEPOT,$586.17,,FALSE,,,,
"492 Umland Dr, Santa Rosa",Equity Track 8251,09/15/2026,,"Open Homes, Inc.",$350.00,,FALSE,,,,
"492 Umland Dr, Santa Rosa",Equity Track 8251,09/11/2026,,PHILLIPS 66-CONOCO-76 ELECTRONIC,$7.00,,FALSE,,,,
"492 Umland Dr, Santa Rosa",Equity Track 8251,09/13/2026,,AMAZON MARKETPLACE,$159.29,,FALSE,,,,
"492 Umland Dr, Santa Rosa",Equity Track 8251,09/15/2026,,AMAZON MARKETPLACE REFUND,-$65.61,,FALSE,,,,
"492 Umland Dr, Santa Rosa",Equity Track 8251,09/15/2026,,AMAZON MARKETPLACE REFUND,-$37.38,,FALSE,,,,
"460 5th Ave, Redwood City",Equity Track 8251,09/15/2026,,LYNGSO GARDEN MATERIALS,$496.46,,FALSE,,,,
"460 5th Ave, Redwood City",Equity Track 8251,09/15/2026,,PRECISION GARAGE DOOR O,"$3,464.61",,FALSE,,,,
"460 5th Ave, Redwood City",Equity Track 8251,09/15/2026,,THE HOME DEPOT,$711.37,,FALSE,,,,
1464 Sunrise Pkwy,Equity Track 8251,09/16/2026,,SOUTH BAY TERMITE CONTROL,$325.00,,FALSE,,,,
"460 5th Ave, Redwood City",Equity Track 8251,09/16/2026,,DOORDASH,$33.11,,FALSE,,,,
"460 5th Ave, Redwood City",Equity Track 8251,09/16/2026,,THE HOME DEPOT,"$1,577.95",,FALSE,,,,
"460 5th Ave, Redwood City",Equity Track 8251,09/16/2026,,THE HOME DEPOT,-$279.95,,FALSE,,,,
"460 5th Ave, Redwood City",Equity Track 8251,09/16/2026,,THE HOME DEPOT,-$26.19,,FALSE,,,,
"460 5th Ave, Redwood City",Equity Track 8251,09/16/2026,,THE HOME DEPOT,$138.13,,FALSE,,,,
"460 5th Ave, Redwood City",Equity Track 8251,09/16/2026,,AMAZON MARKEPLACE NA PA,-$55.13,,FALSE,,,,
751 27th Ave,Prescott Relay,09/16/2026,,THE HOME DEPOT,-$31.55,,FALSE,,,,
820 28th St,Equity Track 8251,09/16/2026,,BAGEL ST CAFE,$13.44,,FALSE,,,,
820 28th St,Equity Track 8251,09/16/2026,,TOWN RESTAURANT,$33.23,,FALSE,,,,
820 28th St,Equity Track 8251,09/18/2026,,AMAZON MARKETPLACE,-$180.40,,FALSE,,,,
1202 Via Lucas,Relay 5776,03//07/2026,,Amazon,"$1,203.11",,TRUE,,,,
27 Prague St,Equity Track 8251,09/01/2026,,The Home Depot (refund),-$86.52,,FALSE,,,,
27 Prague St,Equity Track 8251,09/01/2026,,AplPay DD*DoorDash,$9.99,,FALSE,,,,
27 Prague St,Equity Track 8251,09/02/2026,,TF S CA San Mateo EPL,$25.92,,FALSE,,,,
27 Prague St,Equity Track 8251,09/02/2026,,CDD BuildingPlanning,$710.12,,FALSE,,,,
27 Prague St,Equity Track 8251,09/04/2026,,The Home Depot,$699.13,,FALSE,,,,
27 Prague St,Equity Track 8251,09/07/2026,,THE HOME DEPOT,$81.11,,FALSE,,,,
27 Prague St,Equity Track 8251,09/08/2026,,THE HOME DEPOT,$224.60,,FALSE,,,,
27 Prague St,Equity Track 8251,09/08/2026,,THE HOME DEPOT,$519.09,,FALSE,,,,
27 Prague St,Equity Track 8251,09/09/2026,,THE HOME DEPOT,-$96.20,,FALSE,,,,
27 Prague St,Equity Track 8251,09/09/2026,,THE HOME DEPOT,-$82.19,,FALSE,,,,
27 Prague St,Equity Track 8251,09/09/2026,,THE HOME DEPOT,$453.28,,FALSE,,,,
27 Prague St,Equity Track 8251,09/10/2026,,THE HOME DEPOT,$88.89,,FALSE,,,,
27 Prague St,Equity Track 8251,09/12/2026,,SOUTH BAY TERMITE CONTROL,$275.00,,FALSE,,,,
27 Prague St,Equity Track 8251,09/14/2026,,THE HOME DEPOT,$168.45,,FALSE,,,,
27 Prague St,Equity Track 8251,09/14/2026,,STRIPE,-$1.50,,FALSE,,,,
27 Prague St,Equity Track 8251,09/15/2026,,THE HOME DEPOT,$40.91,,FALSE,,,,
27 Prague St,Equity Track 8251,09/15/2026,,THE HOME DEPOT,$79.10,,FALSE,,,,
27 Prague St,Equity Track 8251,09/16/2026,,THE HOME DEPOT,$10.46,,FALSE,,,,
27 Prague St,Equity Track 8251,09/16/2026,,THE HOME DEPOT,$490.66,,FALSE,,,,
27 Prague St,Equity Track 8251,09/17/2026,,DOORDASH,$21.76,,FALSE,,,,
27 Prague St,Equity Track 8251,09/18/2026,,THE HOME DEPOT,-$306.40,,FALSE,,,,
27 Prague St,Equity Track 8251,09/23/2026,,PACIFIC GAS ELECTRIC COMPANY,$35.50,,FALSE,,,,
27 Prague St,Equity Track 8251,09/24/2026,,EZ PAY FEE PGE,$1.50,,FALSE,,,,
52 Paramount Ter,Relay 5776,09/08/2026,,GRAND BAY SAN FRANCISCO HOTEL,$59.44,,TRUE,,,,
52 Paramount Ter,Relay 5776,09/09/2026,,USFP - 1550 MISSION ST,$65.00,,TRUE,,,,
52 Paramount Ter,Relay 5776,09/09/2026,,SWEET SUSTAINABLE SOLUTIONS,$275.00,,TRUE,,,,
52 Paramount Ter,Relay 5776,09/10/2026,,AMAZON MARKETPLACE,$35.65,,TRUE,,,,
52 Paramount Ter,Relay 5776,09/11/2026,,STARBUCKS,$17.35,,TRUE,,,,
52 Paramount Ter,Relay 5776,09/12/2026,,PARIS BAGUETTE USA,$8.78,,TRUE,,,,
52 Paramount Ter,Relay 5776,09/14/2026,,ELECTRA CONSTRUCTION,$400.00,,TRUE,,,,
52 Paramount Ter,Relay 5776,09/14/2026,,SFR RECOVERY,$317.00,,TRUE,,,,
52 Paramount Ter,Relay 5776,09/14/2026,,AMAZON MARKETPLACE,$722.96,,TRUE,,,,
52 Paramount Ter,Relay 5776,09/15/2026,,MTA METERS - MTA MACKAY,$1.99,,TRUE,,,,
52 Paramount Ter,Relay 5776,09/15/2026,,UBER EATS,$2.00,,TRUE,,,,
52 Paramount Ter,Relay 5776,09/15/2026,,DOORDASH,$20.66,,TRUE,,,,
52 Paramount Ter,Relay 5776,09/15/2026,,PE GAS,$43.88,,TRUE,,,,
52 Paramount Ter,Relay 5776,09/15/2026,,UBER EATS,$63.92,,TRUE,,,,
52 Paramount Ter,Relay 5776,09/15/2026,,THE HOME DEPOT,$117.53,,TRUE,,,,
52 Paramount Ter,Relay 5776,09/15/2026,,SFR RECOVERY,$390.00,,TRUE,,,,
52 Paramount Ter,Relay 5776,09/15/2026,,THE HOME DEPOT,$620.11,,TRUE,,,,
52 Paramount Ter,Relay 5776,09/16/2026,,CHIPOTLE,$13.90,,TRUE,,,,
52 Paramount Ter,Relay 5776,09/16/2026,,19TH AVE GAS SHOP,$35.97,,TRUE,,,,
52 Paramount Ter,Relay 5776,09/16/2026,,UBER EATS,$82.66,,TRUE,,,,
52 Paramount Ter,Relay 5776,09/16/2026,,PHILLIPS 66-CONOCO-76 CAT,$150.00,,TRUE,,,,
52 Paramount Ter,Relay 5776,09/16/2026,,TWIN PEAKS PETROLEUM,$150.00,,TRUE,,,,
52 Paramount Ter,Relay 5776,09/16/2026,,SFR RECOVERY,$235.00,,TRUE,,,,
52 Paramount Ter,Relay 5776,09/16/2026,,SFR RECOVERY,$280.00,,TRUE,,,,
52 Paramount Ter,Relay 5776,09/16/2026,,SFR RECOVERY,$480.00,,TRUE,,,,
52 Paramount Ter,Relay 5776,09/16/2026,,MTA METERS - MTA MACKAY,$0.99,,TRUE,,,,
52 Paramount Ter,Relay 5776,09/17/2026,,A AND A GAS AND FOOD MART,$100.00,,TRUE,,,,
52 Paramount Ter,Relay 5776,09/18/2026,,BAR PELAYO,$76.42,,TRUE,,,,
52 Paramount Ter,Relay 5776,09/18/2026,,PHILLIPS 66-CONOCO-76 CAT,$90.00,,TRUE,,,,
52 Paramount Ter,Relay 5776,09/18/2026,,SFR RECOVERY,$60.00,,FALSE,,,,
52 Paramount Ter,Relay 5776,09/18/2026,,SFR RECOVERY,$140.00,,FALSE,,,,
52 Paramount Ter,Relay 5776,09/18/2026,,SFR RECOVERY,$500.00,,FALSE,,,,
52 Paramount Ter,Relay 5776,09/18/2026,,DOORDASH,$30.52,,FALSE,,,,
52 Paramount Ter,Relay 5776,09/19/2026,,SHELL OIL,$19.78,,FALSE,,,,
52 Paramount Ter,Relay 5776,09/21/2026,,DOORDASH,$41.94,,FALSE,,,,
52 Paramount Ter,Relay 5776,09/21/2026,,SFR RECOVERY,$236.00,,FALSE,,,,
52 Paramount Ter,Relay 5776,09/22/2026,,NATIONAL CNSTRCTN RENTLS,$196.76,,FALSE,,,,
52 Paramount Ter,Relay 5776,09/22/2026,,SFR RECOVERY,$127.00,,FALSE,,,,
52 Paramount Ter,Relay 5776,09/22/2026,,SFR RECOVERY,$224.00,,FALSE,,,,
52 Paramount Ter,Relay 5776,09/22/2026,,SFR RECOVERY,$230.00,,FALSE,,,,
52 Paramount Ter,Relay 5776,09/24/2026,,EZGO ENVIRO SERVICE,"$1,295.00",,FALSE,,,,
52 Paramount Ter,Relay 5776,09/25/2026,,THE OMELETTE HOUSE,$22.35,,FALSE,,,,
"492 Umland Dr, Santa Rosa",Equity Track 8251,09/02/2026,,T J Maxx,$135.19,,FALSE,,,,
1464 Sunrise Pkwy,Equity Track 8251,09/02/2026,,T J Maxx,$135.19,,FALSE,,,,
27 Prague St,Equity Track 8251,09/02/2026,,T J Maxx,$135.19,,FALSE,,,,
"460 5th Ave, Redwood City",Equity Track 8251,09/03/2026,,CUBICASA,$122.50,,FALSE,,,,
"492 Umland Dr, Santa Rosa",Equity Track 8251,09/14/2026,,EXXONMOBIL CAT OUTSIDE,$50.00,,FALSE,,,,
"460 5th Ave, Redwood City",Equity Track 8251,09/17/2026,,AMICIS RWS,$23.08,,FALSE,,,,
"460 5th Ave, Redwood City",Equity Track 8251,09/18/2026,,AMAZON MARKETPLACE,$305.71,,FALSE,,,,
"460 5th Ave, Redwood City",Equity Track 8251,09/21/2026,,HOLLY 76,$75.01,,FALSE,,,,
"460 5th Ave, Redwood City",Equity Track 8251,09/22/2026,,MYKONOS MEZE,$46.59,,FALSE,,,,
"460 5th Ave, Redwood City",Equity Track 8251,09/23/2026,,CHIPOTLE,$9.94,,FALSE,,,,
52 Paramount Ter,Equity Track 8251,09/03/2026,,CUBICASA,$122.50,,FALSE,,,,
1464 Sunrise Pkwy,Equity Track 8251,09/14/2026,,EXXONMOBIL CAT OUTSIDE,$50.00,,FALSE,,,,
52 Paramount Ter,Equity Track 8251,09/17/2026,,AMICIS RWS,$23.08,,FALSE,,,,
52 Paramount Ter,Equity Track 8251,09/18/2026,,AMAZON MARKETPLACE,$305.71,,FALSE,,,,
52 Paramount Ter,Equity Track 8251,09/21/2026,,HOLLY 76,$75.01,,FALSE,,,,
52 Paramount Ter,Equity Track 8251,09/22/2026,,MYKONOS MEZE,$46.59,,FALSE,,,,
52 Paramount Ter,Equity Track 8251,09/23/2026,,CHIPOTLE,$9.94,,FALSE,,,,
52 Paramount Ter,Equity Track 8251,09/24/2026,,FASTRAK CSC TOLLS,$140.00,,FALSE,,,,
"460 5th Ave, Redwood City",Equity Track 8251,09/24/2026,,FASTRAK CSC TOLLS,$140.00,,FALSE,,"$225,634.92",,
"492 Umland Dr, Santa Rosa",Equity Track 8251,09/24/2026,,FASTRAK CSC TOLLS,$140.00,,FALSE,,,,
1464 Sunrise Pkwy,Equity Track 8251,09/24/2026,,FASTRAK CSC TOLLS,$140.00,,FALSE,,,,
27 Prague St,Equity Track 8251,09/24/2026,,FASTRAK CSC TOLLS,$140.00,,FALSE,,,,
"22496 18 3/4, Madera",Equity Track 8251,09/03/2026,,BASS AND SONS,$800.00,,FALSE,,,,
"22496 18 3/4, Madera",Equity Track 8251,09/21/2026,,AMAZON MARKETPLACE,$67.43,,FALSE,,,,
"22496 18 3/4, Madera",Equity Track 8251,09/25/2026,,DELLAVALLE LABORATORY,$376.00,,FALSE,,,,
,,,,,,,FALSE,,,,
,,,,,,,FALSE,,,,
,,,,,,,FALSE,,,,
,,,,,,,FALSE,,,,
,,,,,,,FALSE,,,,
,,,,,,,FALSE,,,,
,,,,,,,FALSE,,,,
,,,,,,,FALSE,,,,
,,,,,,,FALSE,,,,
,,,,,,,FALSE,,,,
,,,,,,,FALSE,,,,
,,,,,,,FALSE,,,,
,,,,,,,FALSE,,,,
,,,,,,,FALSE,,,,
,,,,,,,FALSE,,,,
,,,,,,,FALSE,,,,
,,,,,,,FALSE,,,,
,,,,,,,FALSE,,,,
,,,,,,,FALSE,,,,
,,,,,,,FALSE,,,,
,,,,,,,FALSE,,,,
,,,,,,,FALSE,,,,
,,,,,,,FALSE,,,,
,,,,,,,FALSE,,,,
,,,,,,,FALSE,,,,
,,,,,,,FALSE,,,,
,,,,,,,FALSE,,,,
,,,,,,,FALSE,,,,
,,,,,,,FALSE,,,,
,,,,,,,FALSE,,,,
,,,,,,,FALSE,,,,
,,,,,,,FALSE,,,,
,,,,,,,FALSE,,,,
,,,,,,,FALSE,,,,
,,,,,,,FALSE,,,,
,,,,,,,FALSE,,,,
,,,,,,,FALSE,,,,
,,,,,,,FALSE,,,,
,,,,,,,FALSE,,,,
,,,,,,,FALSE,,,,
,,,,,,,FALSE,,,,
,,,,,,,FALSE,,,,
,,,,,,,FALSE,,,,
,,,,,,,FALSE,,,,
,,,,,,,FALSE,,,,
,,,,,,,FALSE,,,,
,,,,,,,FALSE,,,,
,,,,,,,FALSE,,,,
,,,,,,,FALSE,,,,
,,,,,,,FALSE,,,,
,,,,,,,FALSE,,,,
,,,,,,,FALSE,,,,
,,,,,,,FALSE,,,,
,,,,,,,FALSE,,,,
,,,,,,,FALSE,,,,
,,,,,,,FALSE,,,,
,,,,,,,FALSE,,,,
,,,,,,,FALSE,,,,
,,,,,,,FALSE,,,,
,,,,,,,FALSE,,,,
,,,,,,,FALSE,,,,
,,,,,,,FALSE,,,,
,,,,,,,FALSE,,,,
,,,,,,,FALSE,,,,
,,,,,,,FALSE,,,,
,,,,,,,FALSE,,,,
,,,,,,,FALSE,,,,
,,,,,,,FALSE,,,,
,,,,,,,FALSE,,,,
,,,,,,,FALSE,,,,
,,,,,,,FALSE,,,,
,,,,,,,FALSE,,,,
,,,,,,,FALSE,,,,
,,,,,,,FALSE,,,,
,,,,,,,FALSE,,,,
,,,,,,,FALSE,,,,
,,,,,,,FALSE,,,,
,,,,,,,FALSE,,,,
,,,,,,,FALSE,,,,
,,,,,,,FALSE,,,,
,,,,,,,FALSE,,,,
,,,,,,,FALSE,,,,
,,,,,,,FALSE,,,,
,,,,,,,FALSE,,,,
,,,,,,,FALSE,,,,
,,,,,,,FALSE,,,,
,,,,,,,FALSE,,,,
,,,,,,,FALSE,,,,
,,,,,,,FALSE,,,,
,,,,,,,FALSE,,,,
,,,,,,,FALSE,,,,
,,,,,,,FALSE,,,,
,,,,,,,FALSE,,,,
,,,,,,,FALSE,,,,
,,,,,,,FALSE,,,,
,,,,,,,FALSE,,,,
,,,,,,,FALSE,,,,
,,,,,,,FALSE,,,,
,,,,,,,FALSE,,,,
,,,,,,,FALSE,,,,
,,,,,,,FALSE,,,,
,,,,,,,FALSE,,,,
,,,,,,,FALSE,,,,
,,,,,,,FALSE,,,,
,,,,,,,FALSE,,,,
,,,,,,,FALSE,,,,
,,,,,,,FALSE,,,,
,,,,,,,FALSE,,,,
,,,,,,,FALSE,,,,
,,,,,,,FALSE,,,,
,,,,,,,FALSE,,,,
,,,,,,,FALSE,,,,
,,,,,,,FALSE,,,,
,,,,,,,FALSE,,,,
,,,,,,,FALSE,,,,
,,,,,,,FALSE,,,,
,,,,,,,FALSE,,,,
,,,,,,,FALSE,,,,
,,,,,,,FALSE,,,,
,,,,,,,FALSE,,,,
,,,,,,,FALSE,,,,
,,,,,,,FALSE,,,,
,,,,,,,FALSE,,,,
,,,,,,,FALSE,,,,
,,,,,,,FALSE,,,,
,,,,,,,FALSE,,,,
,,,,,,,FALSE,,,,
,,,,,,,FALSE,,,,
,,,,,,,FALSE,,,,
,,,,,,,FALSE,,,,
,,,,,,,FALSE,,,,
,,,,,,,FALSE,,,,
,,,,,,,FALSE,,,,
,,,,,,,FALSE,,,,
,,,,,,,FALSE,,,,
,,,,,,,FALSE,,,,
,,,,,,,FALSE,,,,
,,,,,,,FALSE,,,,
,,,,,,,FALSE,,,,
,,,,,,,FALSE,,,,
,,,,,,,FALSE,,,,
,,,,,,,FALSE,,,,
,,,,,,,FALSE,,,,
,,,,,,,FALSE,,,,
,,,,,,,FALSE,,,,
,,,,,,,FALSE,,,,
,,,,,,,FALSE,,,,
,,,,,,,FALSE,,,,
,,,,,,,FALSE,,,,
,,,,,,,FALSE,,,,
,,,,,,,FALSE,,,,
,,,,,,,FALSE,,,,
,,,,,,,FALSE,,,,
,,,,,,,FALSE,,,,
,,,,,,,FALSE,,,,
,,,,,,,FALSE,,,,
,,,,,,,FALSE,,,,
,,,,,,,FALSE,,,,
,,,,,,,FALSE,,,,
,,,,,,,FALSE,,,,
,,,,,,,FALSE,,,,
,,,,,,,FALSE,,,,
,,,,,,,FALSE,,,,
,,,,,,,FALSE,,,,
,,,,,,,FALSE,,,,
,,,,,,,FALSE,,,,
,,,,,,,FALSE,,,,
,,,,,,,FALSE,,,,
,,,,,,,FALSE,,,,
,,,,,,,FALSE,,,,
,,,,,,,FALSE,,,,
,,,,,,,FALSE,,,,
,,,,,,,FALSE,,,,
,,,,,,,FALSE,,,,
,,,,,,,FALSE,,,,
,,,,,,,FALSE,,,,
,,,,,,,FALSE,,,,
,,,,,,,FALSE,,,,
,,,,,,,FALSE,,,,
,,,,,,,FALSE,,,,
,,,,,,,FALSE,,,,
,,,,,,,FALSE,,,,
,,,,,,,FALSE,,,,
,,,,,,,FALSE,,,,
,,,,,,,FALSE,,,,
,,,,,,,FALSE,,,,
,,,,,,,FALSE,,,,
,,,,,,,FALSE,,,,
,,,,,,,FALSE,,,,
,,,,,,,FALSE,,,,
,,,,,,,FALSE,,,,
,,,,,,,FALSE,,,,
,,,,,,,FALSE,,,,
,,,,,,,FALSE,,,,
,,,,,,,FALSE,,,,
,,,,,,,FALSE,,,,
,,,,,,,FALSE,,,,
,,,,,,,FALSE,,,,
,,,,,,,FALSE,,,,
,,,,,,,FALSE,,,,
,,,,,,,FALSE,,,,
,,,,,,,FALSE,,,,
,,,,,,,FALSE,,,,
,,,,,,,FALSE,,,,
,,,,,,,FALSE,,,,
,,,,,,,FALSE,,,,
,,,,,,,FALSE,,,,
,,,,,,,FALSE,,,,
,,,,,,,FALSE,,,,
,,,,,,,FALSE,,,,
,,,,,,,FALSE,,,,
,,,,,,,FALSE,,,,
,,,,,,,FALSE,,,,
,,,,,,,FALSE,,,,
,,,,,,,FALSE,,,,
,,,,,,,FALSE,,,,
,,,,,,,FALSE,,,,
,,,,,,,FALSE,,,,
,,,,,,,FALSE,,,,
,,,,,,,FALSE,,,,
,,,,,,,FALSE,,,,
,,,,,,,FALSE,,,,
,,,,,,,FALSE,,,,
,,,,,,,FALSE,,,,
,,,,,,,FALSE,,,,
,,,,,,,FALSE,,,,
,,,,,,,FALSE,,,,
,,,,,,,FALSE,,,,
,,,,,,,FALSE,,,,
,,,,,,,FALSE,,,,
,,,,,,,FALSE,,,,
,,,,,,,FALSE,,,,
,,,,,,,FALSE,,,,
,,,,,,,FALSE,,,,
,,,,,,,FALSE,,,,
,,,,,,,FALSE,,,,
,,,,,,,FALSE,,,,
,,,,,,,FALSE,,,,
,,,,,,,FALSE,,,,
,,,,,,,FALSE,,,,
,,,,,,,FALSE,,,,
,,,,,,,FALSE,,,,
,,,,,,,FALSE,,,,
,,,,,,,FALSE,,,,
,,,,,,,FALSE,,,,
,,,,,,,FALSE,,,,
,,,,,,,FALSE,,,,
,,,,,,,FALSE,,,,
,,,,,,,FALSE,,,,
,,,,,,,FALSE,,,,
,,,,,,,FALSE,,,,
,,,,,,,FALSE,,,,
,,,,,,,FALSE,,,,
,,,,,,,FALSE,,,,
,,,,,,,FALSE,,,,
,,,,,,,FALSE,,,,
,,,,,,,FALSE,,,,
,,,,,,,FALSE,,,,
,,,,,,,FALSE,,,,
,,,,,,,FALSE,,,,
,,,,,,,FALSE,,,,
,,,,,,,FALSE,,,,
,,,,,,,FALSE,,,,
,,,,,,,FALSE,,,,
,,,,,,,FALSE,,,,
,,,,,,,FALSE,,,,
,,,,,,,FALSE,,,,
,,,,,,,FALSE,,,,
,,,,,,,FALSE,,,,
,,,,,,,FALSE,,,,
,,,,,,,FALSE,,,,
,,,,,,,FALSE,,,,
,,,,,,,FALSE,,,,
,,,,,,,FALSE,,,,
,,,,,,,FALSE,,,,
,,,,,,,FALSE,,,,
,,,,,,,FALSE,,,,
,,,,,,,FALSE,,,,
,,,,,,,FALSE,,,,
,,,,,,,FALSE,,,,
,,,,,,,FALSE,,,,
,,,,,,,FALSE,,,,
,,,,,,,FALSE,,,,
,,,,,,,FALSE,,,,
,,,,,,,FALSE,,,,
,,,,,,,FALSE,,,,
,,,,,,,FALSE,,,,
,,,,,,,FALSE,,,,
,,,,,,,FALSE,,,,
,,,,,,,FALSE,,,,
,,,,,,,FALSE,,,,
,,,,,,,FALSE,,,,
,,,,,,,FALSE,,,,
,,,,,,,FALSE,,,,
,,,,,,,FALSE,,,,
,,,,,,,FALSE,,,,
,,,,,,,FALSE,,,,
,,,,,,,FALSE,,,,
,,,,,,,FALSE,,,,
,,,,,,,FALSE,,,,
,,,,,,,FALSE,,,,
,,,,,,,FALSE,,,,
,,,,,,,FALSE,,,,
,,,,,,,FALSE,,,,
,,,,,,,FALSE,,,,
,,,,,,,FALSE,,,,
,,,,,,,FALSE,,,,
,,,,,,,FALSE,,,,
,,,,,,,FALSE,,,,
,,,,,,,FALSE,,,,
,,,,,,,FALSE,,,,
,,,,,,,FALSE,,,,
,,,,,,,FALSE,,,,
,,,,,,,FALSE,,,,
,,,,,,,FALSE,,,,
,,,,,,,FALSE,,,,
,,,,,,,FALSE,,,,
,,,,,,,FALSE,,,,
,,,,,,,FALSE,,,,
,,,,,,,FALSE,,,,
,,,,,,,FALSE,,,,
,,,,,,,FALSE,,,,
,,,,,,,FALSE,,,,
,,,,,,,FALSE,,,,
,,,,,,,FALSE,,,,
,,,,,,,FALSE,,,,
,,,,,,,FALSE,,,,
,,,,,,,FALSE,,,,
,,,,,,,FALSE,,,,
,,,,,,,FALSE,,,,
,,,,,,,FALSE,,,,
,,,,,,,FALSE,,,,
,,,,,,,FALSE,,,,
,,,,,,,FALSE,,,,
,,,,,,,FALSE,,,,
,,,,,,,FALSE,,,,
,,,,,,,FALSE,,,,
,,,,,,,FALSE,,,,
,,,,,,,FALSE,,,,
,,,,,,,FALSE,,,,
,,,,,,,FALSE,,,,
,,,,,,,FALSE,,,,
,,,,,,,FALSE,,,,
,,,,,,,FALSE,,,,
,,,,,,,FALSE,,,,
,,,,,,,FALSE,,,,
,,,,,,,FALSE,,,,
,,,,,,,FALSE,,,,
,,,,,,,FALSE,,,,
,,,,,,,FALSE,,,,
,,,,,,,FALSE,,,,
,,,,,,,FALSE,,,,
,,,,,,,FALSE,,,,
,,,,,,,FALSE,,,,
,,,,,,,FALSE,,,,
,,,,,,,FALSE,,,,
,,,,,,,FALSE,,,,
,,,,,,,FALSE,,,,
,,,,,,,FALSE,,,,
,,,,,,,FALSE,,,,
,,,,,,,FALSE,,,,
,,,,,,,FALSE,,,,
,,,,,,,FALSE,,,,
,,,,,,,FALSE,,,,
,,,,,,,FALSE,,,,
,,,,,,,FALSE,,,,
,,,,,,,FALSE,,,,
,,,,,,,FALSE,,,,
,,,,,,,FALSE,,,,
,,,,,,,FALSE,,,,
,,,,,,,FALSE,,,,
,,,,,,,FALSE,,,,
,,,,,,,FALSE,,,,
,,,,,,,FALSE,,,,
,,,,,,,FALSE,,,,
,,,,,,,FALSE,,,,
,,,,,,,FALSE,,,,
,,,,,,,FALSE,,,,
,,,,,,,FALSE,,,,
,,,,,,,FALSE,,,,
,,,,,,,FALSE,,,,
,,,,,,,FALSE,,,,
,,,,,,,FALSE,,,,
,,,,,,,FALSE,,,,
,,,,,,,FALSE,,,,
,,,,,,,FALSE,,,,
,,,,,,,FALSE,,,,
,,,,,,,FALSE,,,,
,,,,,,,FALSE,,,,
,,,,,,,FALSE,,,,
,,,,,,,FALSE,,,,
,,,,,,,FALSE,,,,
,,,,,,,FALSE,,,,
,,,,,,,FALSE,,,,
,,,,,,,FALSE,,,,
,,,,,,,FALSE,,,,
,,,,,,,FALSE,,,,
,,,,,,,FALSE,,,,
,,,,,,,FALSE,,,,
,,,,,,,FALSE,,,,
,,,,,,,FALSE,,,,
,,,,,,,FALSE,,,,
,,,,,,,FALSE,,,,
,,,,,,,FALSE,,,,
,,,,,,,FALSE,,,,
,,,,,,,FALSE,,,,
,,,,,,,FALSE,,,,
,,,,,,,FALSE,,,,
,,,,,,,FALSE,,,,
,,,,,,,FALSE,,,,
,,,,,,,FALSE,,,,
,,,,,,,FALSE,,,,
,,,,,,,FALSE,,,,
,,,,,,,FALSE,,,,
,,,,,,,FALSE,,,,
,,,,,,,FALSE,,,,
,,,,,,,FALSE,,,,
,,,,,,,FALSE,,,,
,,,,,,,FALSE,,,,
,,,,,,,FALSE,,,,
,,,,,,,FALSE,,,,
,,,,,,,FALSE,,,,
,,,,,,,FALSE,,,,
,,,,,,,FALSE,,,,
,,,,,,,FALSE,,,,
,,,,,,,FALSE,,,,
,,,,,,,FALSE,,,,
,,,,,,,FALSE,,,,
,,,,,,,FALSE,,,,
,,,,,,,FALSE,,,,
,,,,,,,FALSE,,,,
,,,,,,,FALSE,,,,
,,,,,,,FALSE,,,,
,,,,,,,FALSE,,,,
,,,,,,,FALSE,,,,
,,,,,,,FALSE,,,,
,,,,,,,FALSE,,,,
,,,,,,,FALSE,,,,
,,,,,,,FALSE,,,,
,,,,,,,FALSE,,,,
,,,,,,,FALSE,,,,
,,,,,,,FALSE,,,,
,,,,,,,FALSE,,,,
,,,,,,,FALSE,,,,
,,,,,,,FALSE,,,,
,,,,,,,FALSE,,,,
,,,,,,,FALSE,,,,
,,,,,,,FALSE,,,,
,,,,,,,FALSE,,,,
,,,,,,,FALSE,,,,
,,,,,,,FALSE,,,,
,,,,,,,FALSE,,,,
,,,,,,,FALSE,,,,
,,,,,,,FALSE,,,,
,,,,,,,FALSE,,,,
,,,,,,,FALSE,,,,
,,,,,,,FALSE,,,,
,,,,,,,FALSE,,,,
,,,,,,,FALSE,,,,
,,,,,,,FALSE,,,,
,,,,,,,FALSE,,,,
,,,,,,,FALSE,,,,
,,,,,,,FALSE,,,,
,,,,,,,FALSE,,,,
,,,,,,,FALSE,,,,
,,,,,,,FALSE,,,,
,,,,,,,FALSE,,,,
,,,,,,,FALSE,,,,
,,,,,,,FALSE,,,,
,,,,,,,FALSE,,,,
,,,,,,,FALSE,,,,
,,,,,,,FALSE,,,,
,,,,,,,FALSE,,,,
,,,,,,,FALSE,,,,
,,,,,,,FALSE,,,,
,,,,,,,FALSE,,,,
,,,,,,,FALSE,,,,
,,,,,,,FALSE,,,,
,,,,,,,FALSE,,,,
,,,,,,,FALSE,,,,
,,,,,,,FALSE,,,,
,,,,,,,FALSE,,,,
,,,,,,,FALSE,,,,
,,,,,,,FALSE,,,,
,,,,,,,FALSE,,,,
,,,,,,,FALSE,,,,
,,,,,,,FALSE,,,,
,,,,,,,FALSE,,,,
,,,,,,,FALSE,,,,
,,,,,,,FALSE,,,,
,,,,,,,FALSE,,,,
,,,,,,,FALSE,,,,
,,,,,,,FALSE,,,,
,,,,,,,FALSE,,,,
,,,,,,,FALSE,,,,
,,,,,,,FALSE,,,,
,,,,,,,FALSE,,,,
,,,,,,,FALSE,,,,
,,,,,,,FALSE,,,,
,,,,,,,FALSE,,,,
,,,,,,,FALSE,,,,
,,,,,,,FALSE,,,,
,,,,,,,FALSE,,,,
,,,,,,,FALSE,,,,
,,,,,,,FALSE,,,,
,,,,,,,FALSE,,,,
,,,,,,,FALSE,,,,
,,,,,,,FALSE,,,,
,,,,,,,FALSE,,,,
,,,,,,,FALSE,,,,
,,,,,,,FALSE,,,,
,,,,,,,FALSE,,,,
,,,,,,,FALSE,,,,
,,,,,,,FALSE,,,,
,,,,,,,FALSE,,,,
,,,,,,,FALSE,,,,
,,,,,,,FALSE,,,,
,,,,,,,FALSE,,,,
,,,,,,,FALSE,,,,
,,,,,,,FALSE,,,,
,,,,,,,FALSE,,,,
,,,,,,,FALSE,,,,
,,,,,,,FALSE,,,,
,,,,,,,FALSE,,,,
,,,,,,,FALSE,,,,
,,,,,,,FALSE,,,,
,,,,,,,FALSE,,,,
,,,,,,,FALSE,,,,
,,,,,,,FALSE,,,,
,,,,,,,FALSE,,,,
,,,,,,,FALSE,,,,
,,,,,,,FALSE,,,,
,,,,,,,FALSE,,,,
,,,,,,,FALSE,,,,
,,,,,,,FALSE,,,,
,,,,,,,FALSE,,,,
,,,,,,,FALSE,,,,
,,,,,,,FALSE,,,,
,,,,,,,FALSE,,,,
,,,,,,,FALSE,,,,
,,,,,,,FALSE,,,,
,,,,,,,FALSE,,,,
,,,,,,,FALSE,,,,
,,,,,,,FALSE,,,,
,,,,,,,FALSE,,,,
,,,,,,,FALSE,,,,
,,,,,,,FALSE,,,,
,,,,,,,FALSE,,,,
,,,,,,,FALSE,,,,
,,,,,,,FALSE,,,,
,,,,,,,FALSE,,,,
,,,,,,,FALSE,,,,
,,,,,,,FALSE,,,,
,,,,,,,FALSE,,,,
,,,,,,,FALSE,,,,
,,,,,,,FALSE,,,,
,,,,,,,FALSE,,,,
,,,,,,,FALSE,,,,
,,,,,,,FALSE,,,,
,,,,,,,FALSE,,,,
,,,,,,,FALSE,,,,
,,,,,,,FALSE,,,,
,,,,,,,FALSE,,,,
,,,,,,,FALSE,,,,
,,,,,,,FALSE,,,,
,,,,,,,FALSE,,,,
,,,,,,,FALSE,,,,
,,,,,,,FALSE,,,,
,,,,,,,FALSE,,,,
,,,,,,,FALSE,,,,
,,,,,,,FALSE,,,,
,,,,,,,FALSE,,,,
,,,,,,,FALSE,,,,
,,,,,,,FALSE,,,,
,,,,,,,FALSE,,,,
,,,,,,,FALSE,,,,
,,,,,,,FALSE,,,,
,,,,,,,FALSE,,,,
,,,,,,,FALSE,,,,
,,,,,,,FALSE,,,,
,,,,,,,FALSE,,,,
,,,,,,,FALSE,,,,
,,,,,,,FALSE,,,,
,,,,,,,FALSE,,,,
,,,,,,,FALSE,,,,
,,,,,,,FALSE,,,,
,,,,,,,FALSE,,,,
,,,,,,,FALSE,,,,
,,,,,,,FALSE,,,,
,,,,,,,FALSE,,,,
,,,,,,,FALSE,,,,
,,,,,,,FALSE,,,,
,,,,,,,FALSE,,,,
,,,,,,,FALSE,,,,
,,,,,,,FALSE,,,,
,,,,,,,FALSE,,,,
,,,,,,,FALSE,,,,
,,,,,,,FALSE,,,,
,,,,,,,FALSE,,,,
,,,,,,,FALSE,,,,
,,,,,,,FALSE,,,,
,,,,,,,FALSE,,,,
,,,,,,,FALSE,,,,
,,,,,,,FALSE,,,,
,,,,,,,FALSE,,,,
,,,,,,,FALSE,,,,
,,,,,,,FALSE,,,,
,,,,,,,FALSE,,,,
,,,,,,,FALSE,,,,
,,,,,,,FALSE,,,,
,,,,,,,FALSE,,,,
,,,,,,,FALSE,,,,
,,,,,,,FALSE,,,,
,,,,,,,FALSE,,,,
,,,,,,,FALSE,,,,
,,,,,,,FALSE,,,,
,,,,,,,FALSE,,,,
,,,,,,,FALSE,,,,
,,,,,,,FALSE,,,,
,,,,,,,FALSE,,,,
,,,,,,,FALSE,,,,
,,,,,,,FALSE,,,,
,,,,,,,FALSE,,,,
,,,,,,,FALSE,,,,
,,,,,,,FALSE,,,,